Workbook

Sheet Cover
A16: TIMES-Ireland Model
A19: Document type: | B19: Scenario
A20: Sector(s): | B20: Supply sector (SUP)
A21: Purpose: | B21: Specify bioenergy potential
A23: Original developer(s): | B23: Alessandro Chiodi (UCC, a.chiodi@ucc.ie)
B24: James Glynn (UCC, james.glynn@ucc.ie)
A26: Current maintainer(s): | B26: Olexandr Balyk (UCC, olexandr.balyk@ucc.ie)
B27: Neha Jaggeshar (UCC, Neha.Jaggeshar@ucc.ie)
A29: Part of TIM version: | B29: 1
A30: Model repository: | B30: https://github.com/MaREI-EPMG/TIMES-Ireland-model
A31: Licence: | B31: CC BY-NC-SA 4.0 (unless specified otherwise)
B32: https://creativecommons.org/licenses/by-nc-sa/4.0/

Sheet TIM-LEAF BE baseline
B4: Potentials at low price
B5: ~TFM_INS-TS | AI5: ~TFM_INS-TS
B6: Pset_PN | C6: *Description | D6: Attribute | E6: *Output | F6: *Unit | G6: 2012 | H6: 2013 | I6: 2014 | J6: 2015 | K6: 2016 | L6: 2017 | M6: 2018 | N6: 2019 | O6: 2020 | P6: 2021 | Q6: 2022 | R6: 2023 | S6: 2024 | T6: 2025 | U6: 2026 | V6: 2027 | W6: 2028 | X6: 2029 | Y6: 2030 | Z6: 2031 | AA6: 2032 | AB6: 2033 | AC6: 2034 | AD6: 2035 | AE6: 2050 | AF6: 0 | AI6: Pset_PN | AJ6: *Description | AK6: Attribute | AL6: Curr | AM6: *Output | AN6: *Unit | AO6: 2012 | AP6: 2013 | AQ6: 2014 | AR6: 2015 | AS6: 2016 | AT6: 2017 | AU6: 2018 | AV6: 2019 | AW6: 2020 | AX6: 2021 | AY6: 2022 | AZ6: 2023 | BA6: 2024 | BB6: 2025 | BC6: 2026 | BD6: 2027 | BE6: 2028 | BF6: 2029 | BG6: 2030 | BH6: 2031 | BI6: 2032 | BJ6: 2033 | BK6: 2034 | BL6: 2035 | BM6: 0
B7: MINBIOMSW1_S1 | C7: Solid BMSW - Lo | D7: ACT_BND | E7: BIOMUN | F7: PJ | G7: 0 | H7: 0 | I7: 0 | J7: 3.1262909 | K7: 2.6049608 | L7: 2.6994647 | M7: 2.8452221 | N7: 2.9895776 | O7: 3.1322717 | P7: 3.2396892 | Q7: 3.3175766 | R7: 0.9936 | S7: 0.9936 | T7: 0.9936 | Y7: 1.3248 | AD7: 1.6956 | AE7: 1.9296 | AF7: 5 | AH7: * | AI7: MINBIOMSW1_S1 | AJ7: Solid BMSW - Lo | AK7: COST | AL7: MEUR2014 | AM7: BIOMUN | AN7: €14/GJ | AO7: -17.5 | AP7: -17.5 | AQ7: -17.5 | AR7: -17.5 | AS7: -17.5 | AT7: -17.5 | AU7: -17.5 | AV7: -17.5 | AW7: -17.5 | AX7: -17.5 | AY7: -17.5 | AZ7: -17.5 | BA7: -17.5 | BB7: -17.5 | BC7: -17.5 | BD7: -17.5 | BE7: -17.5 | BF7: -17.5 | BG7: -17.5 | BH7: -17.5 | BI7: -17.5 | BJ7: -17.5 | BK7: -17.5 | BL7: -17.5 | BM7: 5
B8: MINBIOTLW_S1 | C8: Tallow - Lo | D8: ACT_BND | E8: BIOWOO | F8: PJ | G8: 1.2166789 | H8: 1.2098959 | I8: 1.2031129 | J8: 1.1963299 | K8: 1.1956766 | L8: 1.1872518 | M8: 1.1939839 | N8: 1.199398 | O8: 1.2038833 | P8: 1.2075657 | Q8: 1.2114961 | R8: 1.2816 | S8: 1.2816 | T8: 1.2816 | Y8: 1.278 | AD8: 1.278 | AE8: 1.278 | AF8: 5 | AI8: MINBIOTLW_S1 | AJ8: Tallow - Lo | AK8: COST | AL8: MEUR2014 | AM8: BIOWOO | AN8: €14/GJ | AO8: 8.6111111 | AP8: 8.6111111 | AQ8: 8.6111111 | AR8: 8.6111111 | AS8: 8.6111111 | AT8: 8.6111111 | AU8: 8.6111111 | AV8: 8.6111111 | AW8: 8.6111111 | AX8: 8.6111111 | AY8: 8.6111111 | AZ8: 8.6111111 | BA8: 8.6111111 | BB8: 8.6111111 | BC8: 8.6111111 | BD8: 8.6111111 | BE8: 8.6111111 | BF8: 8.6111111 | BG8: 8.6111111 | BH8: 8.6111111 | BI8: 8.6111111 | BJ8: 8.6111111 | BK8: 8.6111111 | BL8: 8.6111111 | BM8: 5
B9: MINBIORVO_S1 | C9: RVO - Lo | D9: ACT_BND | E9: BIORPS | F9: PJ | G9: 0.1651369 | H9: 0.1657408 | I9: 0.16655123 | J9: 0.16754954 | K9: 0.16871342 | L9: 0.16996435 | M9: 0.17134549 | N9: 0.17272681 | O9: 0.17411101 | P9: 0.17550439 | Q9: 0.17682556 | R9: 0.1872 | S9: 0.1872 | T9: 0.1872 | Y9: 0.1944 | AD9: 0.198 | AE9: 0.216 | AF9: 5 | AI9: MINBIORVO_S1 | AJ9: RVO - Lo | AK9: COST | AL9: MEUR2014 | AM9: BIORPS | AN9: €14/GJ | AO9: 15.555556 | AP9: 15.555556 | AQ9: 15.555556 | AR9: 15.555556 | AS9: 15.555556 | AT9: 15.555556 | AU9: 15.555556 | AV9: 15.555556 | AW9: 15.555556 | AX9: 15.555556 | AY9: 15.555556 | AZ9: 15.555556 | BA9: 15.555556 | BB9: 15.555556 | BC9: 15.555556 | BD9: 15.555556 | BE9: 15.555556 | BF9: 15.555556 | BG9: 15.555556 | BH9: 15.555556 | BI9: 15.555556 | BJ9: 15.555556 | BK9: 15.555556 | BL9: 15.555556 | BM9: 5
B10: MINBIOWOO3_S1 | C10: Straw - Lo | D10: ACT_BND | E10: BIOWOO | F10: PJ | G10: 0.96587329 | H10: 0.60965915 | I10: 0.72384035 | J10: 0.69491738 | K10: 0.74952286 | L10: 0.92067764 | M10: 1.0008293 | N10: 1.0820166 | O10: 1.1594483 | P10: 1.2266257 | Q10: 1.2825322 | R10: 0 | S10: 0 | T10: 0 | Y10: 0.072 | AD10: 0.072 | AE10: 0.072 | AF10: 5 | AI10: MINBIOWOO3_S1 | AJ10: Straw - Lo | AK10: COST | AL10: MEUR2014 | AM10: BIOWOO | AN10: €14/GJ | AO10: 2.7777778 | AP10: 2.7777778 | AQ10: 2.7777778 | AR10: 2.7777778 | AS10: 2.7777778 | AT10: 2.7777778 | AU10: 2.7777778 | AV10: 2.7777778 | AW10: 2.7777778 | AX10: 2.7777778 | AY10: 2.7777778 | AZ10: 2.7777778 | BA10: 2.7777778 | BB10: 2.7777778 | BC10: 2.7777778 | BD10: 2.7777778 | BE10: 2.7777778 | BF10: 2.7777778 | BG10: 2.7777778 | BH10: 2.7777778 | BI10: 2.7777778 | BJ10: 2.7777778 | BK10: 2.7777778 | BL10: 2.7777778 | BM10: 5
B11: MINBIOMSW2_S1 | C11: BMSW - Lo | D11: ACT_BND | E11: BIOMUN | F11: PJ | G11: 0.20413994 | H11: 0.25525375 | I11: 0.26222224 | J11: 0.27412924 | K11: 0.29545303 | L11: 0.30611938 | M11: 0.3150569 | N11: 0.32396077 | O11: 0.33281576 | P11: 0.33973891 | Q11: 0.34503662 | R11: 4.5432 | S11: 4.5432 | T11: 4.5432 | AF11: 5 | AI11: MINBIOMSW2_S1 | AJ11: BMSW - Lo | AK11: COST | AL11: MEUR2014 | AM11: BIOMUN | AN11: €14/GJ | AO11: -13.055556 | AP11: -13.055556 | AQ11: -13.055556 | AR11: -13.055556 | AS11: -13.055556 | AT11: -13.055556 | AU11: -13.055556 | AV11: -13.055556 | AW11: -13.055556 | AX11: -13.055556 | AY11: -13.055556 | AZ11: -13.055556 | BA11: -13.055556 | BB11: -13.055556 | BC11: -13.055556 | BD11: -13.055556 | BE11: -13.055556 | BF11: -13.055556 | BG11: -13.055556 | BH11: -13.055556 | BI11: -13.055556 | BJ11: -13.055556 | BK11: -13.055556 | BL11: -13.055556 | BM11: 5
B12: MINBIOINDF_S1 | C12: Industrial Food - Lo | D12: ACT_BND | E12: BIOSLU | F12: PJ | G12: 0 | H12: 0 | I12: 0 | J12: 0.57087653 | K12: 0.57291491 | L12: 0.57327233 | M12: 0.57482637 | N12: 0.57674672 | O12: 0.57880001 | P12: 0.58064982 | Q12: 0.58232064 | R12: 0.2772 | S12: 0.2772 | T12: 0.2772 | Y12: 0.3492 | AD12: 0.3492 | AE12: 0.3492 | AF12: 5 | AI12: MINBIOINDF_S1 | AJ12: Industrial Food - Lo | AK12: COST | AL12: MEUR2014 | AM12: BIOSLU | AN12: €14/GJ | AO12: 0 | AP12: 0 | AQ12: 0 | AR12: 0 | AS12: 0 | AT12: 0 | AU12: 0 | AV12: 0 | AW12: 0 | AX12: 0 | AY12: 0 | AZ12: 0 | BA12: 0 | BB12: 0 | BC12: 0 | BD12: 0 | BE12: 0 | BF12: 0 | BG12: 0 | BH12: 0 | BI12: 0 | BJ12: 0 | BK12: 0 | BL12: 0 | BM12: 5
B18: Potentials at medium price
B19: ~TFM_INS-TS | AI19: ~TFM_INS-TS
B20: Pset_PN | C20: *Description | D20: Attribute | E20: *Output | F20: *Unit | G20: 2012 | H20: 2013 | I20: 2014 | J20: 2015 | K20: 2016 | L20: 2017 | M20: 2018 | N20: 2019 | O20: 2020 | P20: 2021 | Q20: 2022 | R20: 2023 | S20: 2024 | T20: 2025 | U20: 2026 | V20: 2027 | W20: 2028 | X20: 2029 | Y20: 2030 | Z20: 2031 | AA20: 2032 | AB20: 2033 | AC20: 2034 | AD20: 2035 | AE20: 2050 | AF20: 0 | AI20: Pset_PN | AJ20: *Description | AK20: Attribute | AL20: Curr | AM20: *Output | AN20: *Unit | AO20: 2012 | AP20: 2013 | AQ20: 2014 | AR20: 2015 | AS20: 2016 | AT20: 2017 | AU20: 2018 | AV20: 2019 | AW20: 2020 | AX20: 2021 | AY20: 2022 | AZ20: 2023 | BA20: 2024 | BB20: 2025 | BC20: 2026 | BD20: 2027 | BE20: 2028 | BF20: 2029 | BG20: 2030 | BH20: 2031 | BI20: 2032 | BJ20: 2033 | BK20: 2034 | BL20: 2035 | BM20: 0
B21: MINBIOMSW1_S2 | C21: Solid BMSW - Me | D21: ACT_BND | E21: BIOMUN | F21: PJ | G21: 2.0096725 | H21: 3.6110097 | I21: 3.3041336 | J21: 3.3041336 | K21: 3.3041336 | L21: 3.3041336 | M21: 3.3041336 | N21: 3.3041336 | O21: 3.3041336 | P21: 3.3041336 | Q21: 3.3041336 | R21: 3.3041336 | S21: 3.3041336 | T21: 0.2484 | Y21: 0.3312 | AD21: 0.4248 | AE21: 0.4824 | AF21: 5 | AH21: * | AI21: MINBIOMSW1_S2 | AJ21: Solid BMSW - Me | AK21: COST | AL21: MEUR2014 | AM21: BIOMUN | AN21: €14/GJ | AO21: -10 | AP21: -10 | AQ21: -10 | AR21: -10 | AS21: -10 | AT21: -10 | AU21: -10 | AV21: -10 | AW21: -10 | AX21: -10 | AY21: -10 | AZ21: -10 | BA21: -10 | BB21: -10 | BC21: -10 | BD21: -10 | BE21: -10 | BF21: -10 | BG21: -10 | BH21: -10 | BI21: -10 | BJ21: -10 | BK21: -10 | BL21: -10 | BM21: 5
B22: MINBIOTLW_S2 | C22: Tallow - Me | D22: ACT_BND | E22: BIOWOO | F22: PJ | G22: 0.60833944 | H22: 0.60494794 | I22: 0.60155645 | J22: 0.59816495 | K22: 0.59783829 | L22: 0.59362588 | M22: 0.59699193 | N22: 0.59969899 | O22: 0.60194164 | P22: 0.60378287 | Q22: 0.60574805 | R22: 0.6408 | S22: 0.6408 | T22: 0.6408 | Y22: 0.6372 | AD22: 0.6372 | AE22: 0.6372 | AF22: 5 | AI22: MINBIOTLW_S2 | AJ22: Tallow - Me | AK22: COST | AL22: MEUR2014 | AM22: BIOWOO | AN22: €14/GJ | AO22: 10.277778 | AP22: 10.277778 | AQ22: 10.277778 | AR22: 10.277778 | AS22: 10.277778 | AT22: 10.277778 | AU22: 10.277778 | AV22: 10.277778 | AW22: 10.277778 | AX22: 10.277778 | AY22: 10.277778 | AZ22: 10.277778 | BA22: 10.277778 | BB22: 10.277778 | BC22: 10.277778 | BD22: 10.277778 | BE22: 10.277778 | BF22: 10.277778 | BG22: 10.277778 | BH22: 10.277778 | BI22: 10.277778 | BJ22: 10.277778 | BK22: 10.277778 | BL22: 10.277778 | BM22: 5
B23: MINBIORVO_S2 | C23: RVO - Me | D23: ACT_BND | E23: BIORPS | F23: PJ | G23: 0.1651369 | H23: 0.1657408 | I23: 0.16655123 | J23: 0.16754954 | K23: 0.16871342 | L23: 0.16996435 | M23: 0.17134549 | N23: 0.17272681 | O23: 0.17411101 | P23: 0.17550439 | Q23: 0.17682556 | R23: 0.1872 | S23: 0.1872 | T23: 0.1872 | Y23: 0.1944 | AD23: 0.198 | AE23: 0.216 | AF23: 5 | AI23: MINBIORVO_S2 | AJ23: RVO - Me | AK23: COST | AL23: MEUR2014 | AM23: BIORPS | AN23: €14/GJ | AO23: 22.5 | AP23: 22.5 | AQ23: 22.5 | AR23: 22.5 | AS23: 22.5 | AT23: 22.5 | AU23: 22.5 | AV23: 22.5 | AW23: 22.5 | AX23: 22.5 | AY23: 22.5 | AZ23: 22.5 | BA23: 22.5 | BB23: 22.5 | BC23: 22.5 | BD23: 22.5 | BE23: 22.5 | BF23: 22.5 | BG23: 22.5 | BH23: 22.5 | BI23: 22.5 | BJ23: 22.5 | BK23: 22.5 | BL23: 22.5 | BM23: 5
B24: MINBIOWOO3_S2 | C24: Straw - Me | D24: ACT_BND | E24: BIOWOO | F24: PJ | G24: 1.7707677 | H24: 1.1177084 | I24: 1.3270406 | J24: 1.2740152 | K24: 1.3741252 | L24: 1.687909 | M24: 1.8348537 | N24: 1.9836971 | O24: 2.1256553 | P24: 2.2488138 | Q24: 2.351309 | R24: 0 | S24: 0 | T24: 0 | Y24: 0.1332 | AD24: 0.1332 | AE24: 0.1332 | AF24: 5 | AI24: MINBIOWOO3_S2 | AJ24: Straw - Me | AK24: COST | AL24: MEUR2014 | AM24: BIOWOO | AN24: €14/GJ | AO24: 4.1666667 | AP24: 4.1666667 | AQ24: 4.1666667 | AR24: 4.1666667 | AS24: 4.1666667 | AT24: 4.1666667 | AU24: 4.1666667 | AV24: 4.1666667 | AW24: 4.1666667 | AX24: 4.1666667 | AY24: 4.1666667 | AZ24: 4.1666667 | BA24: 4.1666667 | BB24: 4.1666667 | BC24: 4.1666667 | BD24: 4.1666667 | BE24: 4.1666667 | BF24: 4.1666667 | BG24: 4.1666667 | BH24: 4.1666667 | BI24: 4.1666667 | BJ24: 4.1666667 | BK24: 4.1666667 | BL24: 4.1666667 | BM24: 5
B25: MINBIOMSW2_S2 | C25: BMSW - Me | D25: ACT_BND | E25: BIOMUN | F25: PJ | G25: 0.10206997 | H25: 0.12762688 | I25: 0.13111112 | J25: 0.13706462 | K25: 0.14772652 | L25: 0.15305969 | M25: 8 | N25: 8 | O25: 8 | P25: 8 | Q25: 8 | R25: 8 | S25: 8 | T25: 8 | U25: 8 | V25: 8 | W25: 8 | X25: 8 | Y25: 8 | Z25: 8 | AA25: 8 | AB25: 8 | AC25: 8 | AD25: 8 | AE25: 8 | AF25: 5 | AI25: MINBIOMSW2_S2 | AJ25: BMSW - Me | AK25: COST | AL25: MEUR2014 | AM25: BIOMUN | AN25: €14/GJ | AO25: 0.01 | AP25: 0.01 | AQ25: 0.01 | AR25: 0.01 | AS25: 0.01 | AT25: 0.01 | AU25: 0.01 | AV25: 0.01 | AW25: 0.01 | AX25: 0.01 | AY25: 0.01 | AZ25: 0.01 | BA25: 0.01 | BB25: 0.01 | BC25: 0.01 | BD25: 0.01 | BE25: 0.01 | BF25: 0.01 | BG25: 0.01 | BH25: 0.01 | BI25: 0.01 | BJ25: 0.01 | BK25: 0.01 | BL25: 0.01 | BM25: 5
B26: MINBIOINDF_S2 | C26: Industrial Food - Me | D26: ACT_BND | E26: BIOSLU | F26: PJ | G26: 0 | H26: 0 | I26: 0 | J26: 0 | K26: 0 | L26: 0 | M26: 0 | N26: 0 | O26: 0 | P26: 0 | Q26: 0 | R26: 0 | S26: 0 | T26: 0 | U26: 0 | V26: 0 | W26: 0 | X26: 0 | Y26: 0 | Z26: 0 | AA26: 0 | AB26: 0 | AC26: 0 | AD26: 0 | AE26: 0 | AF26: 5 | AI26: MINBIOINDF_S2 | AJ26: Industrial Food - Me | AK26: COST | AL26: MEUR2014 | AM26: BIOSLU | AN26: €14/GJ | AO26: 0 | AP26: 0 | AQ26: 0 | AR26: 0 | AS26: 0 | AT26: 0 | AU26: 0 | AV26: 0 | AW26: 0 | AX26: 0 | AY26: 0 | AZ26: 0 | BA26: 0 | BB26: 0 | BC26: 0 | BD26: 0 | BE26: 0 | BF26: 0 | BG26: 0 | BH26: 0 | BI26: 0 | BJ26: 0 | BK26: 0 | BL26: 0 | BM26: 5
B32: Potentials at high price
B33: ~TFM_INS-TS | AI33: ~TFM_INS-TS
B34: Pset_PN | C34: *Description | D34: Attribute | E34: *Output | F34: *Unit | G34: 2012 | H34: 2013 | I34: 2014 | J34: 2015 | K34: 2016 | L34: 2017 | M34: 2018 | N34: 2019 | O34: 2020 | P34: 2021 | Q34: 2022 | R34: 2023 | S34: 2024 | T34: 2025 | U34: 2026 | V34: 2027 | W34: 2028 | X34: 2029 | Y34: 2030 | Z34: 2031 | AA34: 2032 | AB34: 2033 | AC34: 2034 | AD34: 2035 | AE34: 2050 | AF34: 0 | AI34: Pset_PN | AJ34: *Description | AK34: Attribute | AL34: Curr | AM34: *Output | AN34: *Unit | AO34: 2012 | AP34: 2013 | AQ34: 2014 | AR34: 2015 | AS34: 2016 | AT34: 2017 | AU34: 2018 | AV34: 2019 | AW34: 2020 | AX34: 2021 | AY34: 2022 | AZ34: 2023 | BA34: 2024 | BB34: 2025 | BC34: 2026 | BD34: 2027 | BE34: 2028 | BF34: 2029 | BG34: 2030 | BH34: 2031 | BI34: 2032 | BJ34: 2033 | BK34: 2034 | BL34: 2035 | BM34: 0
B35: MINBIOMSW1_S3 | C35: Solid BMSW - Hi | D35: ACT_BND | E35: BIOMUN | F35: PJ | G35: 0 | H35: 0 | I35: 0 | J35: 0 | K35: 0 | L35: 0 | M35: 0 | N35: 0 | O35: 0 | P35: 0 | Q35: 0 | R35: 0.2484 | S35: 0.2484 | T35: 0.2484 | Y35: 0.3312 | AD35: 0.4248 | AE35: 0.4824 | AF35: 5 | AH35: * | AI35: MINBIOMSW1_S3 | AJ35: Solid BMSW - Hi | AK35: COST | AL35: MEUR2014 | AM35: BIOMUN | AN35: €14/GJ | AO35: -2.5 | AP35: -2.5 | AQ35: -2.5 | AR35: -2.5 | AS35: -2.5 | AT35: -2.5 | AU35: -2.5 | AV35: -2.5 | AW35: -2.5 | AX35: -2.5 | AY35: -2.5 | AZ35: -2.5 | BA35: -2.5 | BB35: -2.5 | BC35: -2.5 | BD35: -2.5 | BE35: -2.5 | BF35: -2.5 | BG35: -2.5 | BH35: -2.5 | BI35: -2.5 | BJ35: -2.5 | BK35: -2.5 | BL35: -2.5 | BM35: 5
B36: MINBIOTLW_S3 | C36: Tallow - Hi | D36: ACT_BND | E36: BIOWOO | F36: PJ | G36: 1.1233366 | H36: 1.117074 | I36: 1.1108114 | J36: 1.1045487 | K36: 1.1039455 | L36: 1.0961671 | M36: 1.1023827 | N36: 1.1073814 | O36: 1.1115226 | P36: 1.1149226 | Q36: 1.1185514 | R36: 1.1808 | S36: 1.1808 | T36: 1.1808 | Y36: 1.1808 | AD36: 1.1808 | AE36: 1.1808 | AF36: 5 | AI36: MINBIOTLW_S3 | AJ36: Tallow - Hi | AK36: COST | AL36: MEUR2014 | AM36: BIOWOO | AN36: €14/GJ | AO36: 11.111111 | AP36: 11.111111 | AQ36: 11.111111 | AR36: 11.111111 | AS36: 11.111111 | AT36: 11.111111 | AU36: 11.111111 | AV36: 11.111111 | AW36: 11.111111 | AX36: 11.111111 | AY36: 11.111111 | AZ36: 11.111111 | BA36: 11.111111 | BB36: 11.111111 | BC36: 11.111111 | BD36: 11.111111 | BE36: 11.111111 | BF36: 11.111111 | BG36: 11.111111 | BH36: 11.111111 | BI36: 11.111111 | BJ36: 11.111111 | BK36: 11.111111 | BL36: 11.111111 | BM36: 5
B37: MINBIORVO_S3 | C37: RVO - Hi | D37: ACT_BND | E37: BIORPS | F37: PJ | G37: 0 | H37: 0 | I37: 0 | J37: 0 | K37: 0 | L37: 0 | M37: 0 | N37: 0 | O37: 0 | P37: 0 | Q37: 0 | R37: 0 | S37: 0 | T37: 0 | Y37: 0 | AD37: 0 | AE37: 0 | AF37: 5 | AI37: MINBIORVO_S3 | AJ37: RVO - Hi | AK37: COST | AL37: MEUR2014 | AM37: BIORPS | AN37: €14/GJ | AO37: 27.777778 | AP37: 27.777778 | AQ37: 27.777778 | AR37: 27.777778 | AS37: 27.777778 | AT37: 27.777778 | AU37: 27.777778 | AV37: 27.777778 | AW37: 27.777778 | AX37: 27.777778 | AY37: 27.777778 | AZ37: 27.777778 | BA37: 27.777778 | BB37: 27.777778 | BC37: 27.777778 | BD37: 27.777778 | BE37: 27.777778 | BF37: 27.777778 | BG37: 27.777778 | BH37: 27.777778 | BI37: 27.777778 | BJ37: 27.777778 | BK37: 27.777778 | BL37: 27.777778 | BM37: 5
B38: MINBIOWOO3_S3 | C38: Straw - Hi | D38: ACT_BND | E38: BIOWOO | F38: PJ | G38: 0.48293664 | H38: 0.30482957 | I38: 0.36192017 | J38: 0.34745869 | K38: 0.37476143 | L38: 0.46033882 | M38: 0.50041466 | N38: 0.5410083 | O38: 0.57972417 | P38: 0.61331286 | Q38: 0.64126609 | R38: 0 | S38: 0 | T38: 0 | Y38: 0.036 | AD38: 0.036 | AE38: 0.036 | AF38: 5 | AI38: MINBIOWOO3_S3 | AJ38: Straw - Hi | AK38: COST | AL38: MEUR2014 | AM38: BIOWOO | AN38: €14/GJ | AO38: 6.9444444 | AP38: 6.9444444 | AQ38: 6.9444444 | AR38: 6.9444444 | AS38: 6.9444444 | AT38: 6.9444444 | AU38: 6.9444444 | AV38: 6.9444444 | AW38: 6.9444444 | AX38: 6.9444444 | AY38: 6.9444444 | AZ38: 6.9444444 | BA38: 6.9444444 | BB38: 6.9444444 | BC38: 6.9444444 | BD38: 6.9444444 | BE38: 6.9444444 | BF38: 6.9444444 | BG38: 6.9444444 | BH38: 6.9444444 | BI38: 6.9444444 | BJ38: 6.9444444 | BK38: 6.9444444 | BL38: 6.9444444 | BM38: 5
B39: MINBIOMSW2_S3 | C39: BMSW - Hi | D39: ACT_BND | E39: BIOMUN | F39: PJ | G39: 0.10206997 | H39: 0.12762688 | I39: 0.13111112 | J39: 0.13706462 | K39: 0.14772652 | L39: 0.15305969 | M39: 0.15752845 | N39: 0.16198038 | O39: 0 | P39: 0 | Q39: 0 | R39: 0 | S39: 0 | T39: 0 | U39: 0 | V39: 0 | W39: 0 | X39: 0 | Y39: 0 | Z39: 0 | AA39: 0 | AB39: 0 | AC39: 0 | AD39: 0 | AE39: 0 | AF39: 5 | AI39: MINBIOMSW2_S3 | AJ39: BMSW - Hi | AK39: COST | AL39: MEUR2014 | AM39: BIOMUN | AN39: €14/GJ | AO39: 0 | AP39: 0 | AQ39: 0 | AR39: 0 | AS39: 0 | AT39: 0 | AU39: 0 | AV39: 0 | AW39: 0 | AX39: 0 | AY39: 0 | AZ39: 0 | BA39: 0 | BB39: 0 | BC39: 0 | BD39: 0 | BE39: 0 | BF39: 0 | BG39: 0 | BH39: 0 | BI39: 0 | BJ39: 0 | BK39: 0 | BL39: 0 | BM39: 5
B40: MINBIOINDF_S3 | C40: Industrial Food - Hi | D40: ACT_BND | E40: BIOSLU | F40: PJ | G40: 0 | H40: 0 | I40: 0 | J40: 0 | K40: 0 | L40: 0 | M40: 0 | N40: 0 | O40: 0 | P40: 0 | Q40: 0 | R40: 0 | S40: 0 | T40: 0 | U40: 0 | V40: 0 | W40: 0 | X40: 0 | Y40: 0 | Z40: 0 | AA40: 0 | AB40: 0 | AC40: 0 | AD40: 0 | AE40: 0 | AF40: 5 | AI40: MINBIOINDF_S3 | AJ40: Industrial Food - Hi | AK40: COST | AL40: MEUR2014 | AM40: BIOSLU | AN40: €14/GJ | AO40: 0 | AP40: 0 | AQ40: 0 | AR40: 0 | AS40: 0 | AT40: 0 | AU40: 0 | AV40: 0 | AW40: 0 | AX40: 0 | AY40: 0 | AZ40: 0 | BA40: 0 | BB40: 0 | BC40: 0 | BD40: 0 | BE40: 0 | BF40: 0 | BG40: 0 | BH40: 0 | BI40: 0 | BJ40: 0 | BK40: 0 | BL40: 0 | BM40: 5
C45: Using the costs for Low potential
B46: ~TFM_INS-TS
B47: Pset_PN | C47: *Description | D47: Attribute | E47: Curr | F47: *Output | G47: *Unit | H47: 2012 | I47: 2013 | J47: 2014 | K47: 2015 | L47: 2016 | M47: 2017 | N47: 2018 | O47: 2019 | P47: 2020 | Q47: 2021 | R47: 2022 | S47: 2023 | T47: 2024 | U47: 2025 | V47: 2026 | W47: 2027 | X47: 2028 | Y47: 2029 | Z47: 2030 | AA47: 2031 | AB47: 2032 | AC47: 2033 | AD47: 2034 | AE47: 2035 | AF47: 0
B48: ABIOFRSR1 | C48: Forest thinnings - Lo | D48: ACTCOST | E48: MEUR2014 | F48: BIOWOO | G48: €14/GJ | H48: 4.7222222 | I48: 4.7222222 | J48: 4.7222222 | K48: 4.7222222 | L48: 4.7222222 | M48: 4.7222222 | N48: 4.7222222 | O48: 4.7222222 | P48: 4.7222222 | Q48: 4.7222222 | R48: 4.7222222 | S48: 4.7222222 | T48: 4.7222222 | U48: 4.7222222 | V48: 4.7222222 | W48: 4.7222222 | X48: 4.7222222 | Y48: 4.7222222 | Z48: 4.7222222 | AA48: 4.7222222 | AB48: 4.7222222 | AC48: 4.7222222 | AD48: 4.7222222 | AE48: 4.7222222 | AF48: 5
B49: ABIOCRP41 | C49: Willow - Lo | D49: ACTCOST | E49: MEUR2014 | F49: BIOWOO | G49: €14/GJ | H49: 6.3888889 | I49: 6.3888889 | J49: 6.3888889 | K49: 6.3888889 | L49: 6.3888889 | M49: 6.3888889 | N49: 6.3888889 | O49: 6.3888889 | P49: 6.3888889 | Q49: 6.3888889 | R49: 6.3888889 | S49: 6.3888889 | T49: 6.3888889 | U49: 6.3888889 | V49: 6.3888889 | W49: 6.3888889 | X49: 6.3888889 | Y49: 6.3888889 | Z49: 6.3888889 | AA49: 6.3888889 | AB49: 6.3888889 | AC49: 6.3888889 | AD49: 6.3888889 | AE49: 6.3888889 | AF49: 5
B50: ABIOCRP31 | C50: Miscanthus - Lo | D50: ACTCOST | E50: MEUR2014 | F50: BIOWOO | G50: €14/GJ | H50: 4 | I50: 4 | J50: 4 | K50: 4 | L50: 4 | M50: 4 | N50: 4 | O50: 4 | P50: 4 | Q50: 4 | R50: 4 | S50: 4 | T50: 4 | U50: 4 | V50: 4 | W50: 4 | X50: 4 | Y50: 4 | Z50: 4 | AA50: 4 | AB50: 4 | AC50: 4 | AD50: 4 | AE50: 4 | AF50: 5
B51: ABIOCRP11 | C51: Wheat - Lo | D51: ACTCOST | E51: MEUR2014 | F51: BIOCRP1 | G51: €14/GJ | H51: 19.01806 | I51: 19.01806 | J51: 19.01806 | K51: 19.01806 | L51: 19.01806 | M51: 19.01806 | N51: 19.01806 | O51: 19.01806 | P51: 19.01806 | Q51: 19.01806 | R51: 19.01806 | S51: 19.01806 | T51: 19.01806 | U51: 19.01806 | V51: 19.01806 | W51: 19.01806 | X51: 19.01806 | Y51: 19.01806 | Z51: 19.01806 | AA51: 19.01806 | AB51: 19.01806 | AC51: 19.01806 | AD51: 19.01806 | AE51: 19.01806 | AF51: 5
B52: ABIOCRP21 | C52: OSR - Lo | D52: ACTCOST | E52: MEUR2014 | F52: BIORPS | G52: €14/GJ | H52: 21.561401 | I52: 21.561401 | J52: 21.561401 | K52: 21.561401 | L52: 21.561401 | M52: 21.561401 | N52: 21.561401 | O52: 21.561401 | P52: 21.561401 | Q52: 21.561401 | R52: 21.561401 | S52: 21.561401 | T52: 21.561401 | U52: 21.561401 | V52: 21.561401 | W52: 21.561401 | X52: 21.561401 | Y52: 21.561401 | Z52: 21.561401 | AA52: 21.561401 | AB52: 21.561401 | AC52: 21.561401 | AD52: 21.561401 | AE52: 21.561401 | AF52: 5
B53: ABIOGAS11 | C53: Crops Anaerobic - Lo | D53: ACTCOST | E53: MEUR2014 | F53: BIOGAS | G53: €14/GJ | H53: 14.694444 | I53: 14.694444 | J53: 14.694444 | K53: 14.694444 | L53: 14.694444 | M53: 14.694444 | N53: 14.694444 | O53: 14.694444 | P53: 14.694444 | Q53: 14.694444 | R53: 14.694444 | S53: 14.694444 | T53: 14.694444 | U53: 14.694444 | V53: 14.694444 | W53: 14.694444 | X53: 14.694444 | Y53: 14.694444 | Z53: 14.694444 | AA53: 14.694444 | AB53: 14.694444 | AC53: 14.694444 | AD53: 14.694444 | AE53: 14.694444 | AF53: 5
B54: BIOWPE_Domestic | C54: WPE from domestic wod residues | D54: ACTCOST | E54: MEUR2013 | F54: BIOWPE | H54: 4.4444444 | I54: 4.4444444 | J54: 4.4444444 | K54: 4.4444444 | L54: 4.4444444 | M54: 4.4444444 | N54: 4.4444444 | O54: 4.4444444 | P54: 4.4444444 | Q54: 4.4444444 | R54: 4.4444444 | S54: 4.4444444 | T54: 4.4444444 | U54: 4.4444444 | V54: 4.4444444 | W54: 4.4444444 | X54: 4.4444444 | Y54: 4.4444444 | Z54: 4.4444444 | AA54: 4.4444444 | AB54: 4.4444444 | AC54: 4.4444444 | AD54: 4.4444444 | AE54: 4.4444444 | AF54: 5
B55: MINBIOWOO1_S1 | C55: Sawmill residues - Lo | D55: ACTCOST | E55: MEUR2014 | F55: BIOWOO1 | G55: €14/GJ | H55: 4.4444444 | I55: 4.4444444 | J55: 4.4444444 | K55: 4.4444444 | L55: 4.4444444 | M55: 4.4444444 | N55: 4.4444444 | O55: 4.4444444 | P55: 4.4444444 | Q55: 4.4444444 | R55: 4.4444444 | S55: 4.4444444 | T55: 4.4444444 | U55: 4.4444444 | V55: 4.4444444 | W55: 4.4444444 | X55: 4.4444444 | Y55: 4.4444444 | Z55: 4.4444444 | AA55: 4.4444444 | AB55: 4.4444444 | AC55: 4.4444444 | AD55: 4.4444444 | AE55: 4.4444444 | AF55: 5
B56: MINBIOWOO2_S1 | C56: PCRW - Lo | D56: ACTCOST | E56: MEUR2014 | F56: BIOWOO2 | G56: €14/GJ | H56: -0.83333333 | I56: -0.83333333 | J56: -0.83333333 | K56: -0.83333333 | L56: -0.83333333 | M56: -0.83333333 | N56: -0.83333333 | O56: -0.83333333 | P56: -0.83333333 | Q56: -0.83333333 | R56: -0.83333333 | S56: -0.83333333 | T56: -0.83333333 | U56: -0.83333333 | V56: -0.83333333 | W56: -0.83333333 | X56: -0.83333333 | Y56: -0.83333333 | Z56: -0.83333333 | AA56: -0.83333333 | AB56: -0.83333333 | AC56: -0.83333333 | AD56: -0.83333333 | AE56: -0.83333333 | AF56: 5
B57: ADGSCAT101 | C57: Cattle waste to biogas | D57: ACTCOST | E57: MEUR2014 | F57: AGRBGS | G57: €14/GJ | H57: 4.5992817 | I57: 4.5992817 | J57: 4.5992817 | K57: 4.5992817 | L57: 4.5992817 | M57: 4.5992817 | N57: 4.5992817 | O57: 4.5992817 | P57: 4.5992817 | Q57: 4.5992817 | R57: 4.5992817 | S57: 5.2210719 | T57: 4.5992817 | U57: 4.5992817 | V57: 4.5992817 | W57: 4.5992817 | X57: 4.5992817 | Y57: 4.5992817 | Z57: 4.5992817 | AA57: 4.5992817 | AB57: 4.5992817 | AC57: 4.5992817 | AD57: 4.5992817 | AE57: 4.5992817 | AF57: 5
B58: ADGSPIG101 | C58: Pig waste to biogas | D58: ACTCOST | E58: MEUR2014 | F58: AGRBGS | G58: €14/GJ | H58: 4.3608004 | I58: 4.3608004 | J58: 4.3608004 | K58: 4.3608004 | L58: 4.3608004 | M58: 4.3608004 | N58: 4.3608004 | O58: 4.3608004 | P58: 4.3608004 | Q58: 4.3608004 | R58: 4.3608004 | S58: 4.3608004 | T58: 4.3608004 | U58: 4.3608004 | V58: 4.3608004 | W58: 4.3608004 | X58: 4.3608004 | Y58: 4.3608004 | Z58: 4.3608004 | AA58: 4.3608004 | AB58: 4.3608004 | AC58: 4.3608004 | AD58: 4.3608004 | AE58: 4.3608004 | AF58: 5
B59: ADGSPOU101 | C59: Poulry waste to biogas | D59: ACTCOST | E59: MEUR2014 | F59: AGRBGS | G59: €14/GJ | H59: =AVERAGE(H57,H58) -> 4.4800411 | I59: =AVERAGE(I57,I58) -> 4.4800411 | J59: =AVERAGE(J57,J58) -> 4.4800411 | K59: =AVERAGE(K57,K58) -> 4.4800411 | L59: =AVERAGE(L57,L58) -> 4.4800411 | M59: =AVERAGE(M57,M58) -> 4.4800411 | N59: =AVERAGE(N57,N58) -> 4.4800411 | O59: =AVERAGE(O57,O58) -> 4.4800411 | ... AE59: =AVERAGE(AE57,AE58) -> 4.4800411 | AF59: 5
B62: Capping manure that can be converted to biogas
B63: ~TFM_INS-TS
B64: Pset_PN | C64: *Description | D64: Attribute | E64: *Output | F64: *Unit | G64: 2012 | H64: 2013 | I64: 2014 | J64: 2015 | K64: 2016 | L64: 2017 | M64: 2018 | N64: 2019 | O64: 2020 | P64: 2021 | Q64: 2022 | R64: 2023 | S64: 2024 | T64: 2025 | U64: 2026 | V64: 2027 | W64: 2028 | X64: 2029 | Y64: 2030 | Z64: 2031 | AA64: 2032 | AB64: 2033 | AC64: 2034 | AD64: 2035 | AE64: 2050 | AF64: 2060 | AG64: 2070 | AH64: 0
B65: ADGSCAT101 | C65: Cattle waste to biogas | D65: ACT_BND | E65: AGRBGS | F65: PJ | G65: 0.011911338 | H65: 0.01217949 | I65: 0.012447642 | J65: 0.012715794 | K65: 0.013113476 | L65: 0.013238489 | M65: 0.013472822 | N65: 0.01378727 | O65: 0 | P65: 0 | Q65: 0 | R65: 0 | S65: 0 | T65: 0.015 | U65: 0 | V65: 0 | W65: 0 | X65: 0 | Y65: 0.02 | Z65: 0 | AA65: 0 | AB65: 0 | AC65: 0 | AD65: 0.025 | AE65: 0.03 | AF65: 0.04 | AG65: 0.05 | AH65: 5
B66: ADGSPIG101 | C66: pig waste to biogas | D66: ACT_BND | E66: AGRBGS | F66: PJ | G66: 0.33720455 | H66: 0.33438581 | I66: 0.33156708 | J66: 0.32874834 | K66: 0.32919268 | L66: 0.33168745 | M66: 0.3336148 | N66: 0.33491994 | O66: 0.3357937 | P66: 0.33632779 | Q66: 0.33658233 | R66: 0.6072 | S66: 0.6072 | T66: 0.6072 | U66: 0 | V66: 0 | W66: 0 | X66: 0 | Y66: 0.6252 | Z66: 0 | AA66: 0 | AB66: 0 | AC66: 0 | AD66: 0.6252 | AE66: 0.6252 | AF66: 0.8 | AG66: 1 | AH66: 5
B67: ADGSPOU101 | C67: poultry waste to biogas | D67: ACT_BND | E67: AGRBGS | F67: PJ | G67: 0.1 | O67: 0.15 | T67: 0.15 | Y67: 0.2 | AD67: 0.25 | AG67: 0.3 | AH67: 5
B69: TFM_INS-TS
B70: Pset_PN | C70: *Description | D70: Attribute | E70: *Output | F70: *Unit | G70: 2012 | H70: 2013 | I70: 2014 | J70: 2015 | K70: 2016 | L70: 2017 | M70: 2018 | N70: 2019 | O70: 2020 | P70: 2021 | Q70: 2022 | R70: 2023 | S70: 2024 | T70: 2025 | U70: 2026 | V70: 2027 | W70: 2028 | X70: 2029 | Y70: 2030 | Z70: 2031 | AA70: 2032 | AB70: 2033 | AC70: 2034 | AD70: 2035 | AE70: 2050 | AF70: 2060 | AG70: 2070 | AH70: 0
B71: ADGSCAT101 | C71: Cattle waste to biogas | D71: ACT_BND | E71: AGRBGS | F71: PJ | G71: 0.011911338 | H71: 0.01217949 | I71: 0.012447642 | J71: 0.012715794 | K71: 0.013113476 | L71: 0.013238489 | M71: 0.013472822 | N71: 0.01378727 | O71: 0 | P71: 0 | Q71: 0 | R71: 0 | S71: 0 | T71: 0.015 | U71: 0 | V71: 0 | W71: 0 | X71: 0 | Y71: 0.02 | Z71: 0 | AA71: 0 | AB71: 0 | AC71: 0 | AD71: 0.025 | AG71: 0.08 | AH71: 5
B72: ADGSPIG101 | C72: pig waste to biogas | D72: ACT_BND | E72: AGRBGS | F72: PJ | G72: 0.33720455 | H72: 0.33438581 | I72: 0.33156708 | J72: 0.32874834 | K72: 0.32919268 | L72: 0.33168745 | M72: 0.3336148 | N72: 0.33491994 | O72: 0.3357937 | P72: 0.33632779 | Q72: 0.33658233 | R72: 0.6072 | S72: 0.6072 | T72: 0.6072 | U72: 0 | V72: 0 | W72: 0 | X72: 0 | Y72: 0.6252 | Z72: 0 | AA72: 0 | AB72: 0 | AC72: 0 | AD72: 0.6252 | AG72: 1.2 | AH72: 5
B73: ADGSPOU101 | C73: poultry waste to biogas | D73: ACT_BND | E73: AGRBGS | F73: PJ | G73: 0.1 | O73: 0.15 | T73: 0.15 | Y73: 0.2 | AD73: 0.25 | AG73: 0.5 | AH73: 5
G76: 0.011911338 | H76: 0.01217949 | I76: 0.012447642 | J76: 0.012715794 | K76: 0.013113476 | L76: 0.013238489 | M76: 0.013472822 | N76: 0.01378727 | O76: 0 | P76: 0 | Q76: 0 | R76: 0 | S76: 0 | T76: 0 | U76: 0 | V76: 0 | W76: 0 | X76: 0 | Y76: 0 | Z76: 0 | AA76: 0 | AB76: 0 | AC76: 0 | AD76: 0 | AE76: 0
G77: 0.33720455 | H77: 0.33438581 | I77: 0.33156708 | J77: 0.32874834 | K77: 0.32919268 | L77: 0.33168745 | M77: 0.3336148 | N77: 0.33491994 | O77: 0.3357937 | P77: 0.33632779 | Q77: 0.33658233 | R77: 0.6072 | S77: 0.6072 | T77: 0.6072 | U77: 0 | V77: 0 | W77: 0 | X77: 0 | Y77: 0.6252 | Z77: 0 | AA77: 0 | AB77: 0 | AC77: 0 | AD77: 0.6252 | AE77: 0.6252

Sheet BioenergySupply-Baseline
A1: Resource at low price | AD1: Low Price
A2: Feedstock | B2: Data Set | C2: Total Available for Bioenergy use (toe) | AD2: Feestock price (€/toe)
C3: 2010 | D3: 2011 | E3: 2012 | F3: 2013 | G3: 2014 | H3: 2015 | I3: 2016 | J3: 2017 | K3: 2018 | L3: 2019 | M3: 2020 | N3: 2021 | O3: 2022 | P3: 2023 | Q3: 2024 | R3: 2025 | S3: 2026 | T3: 2027 | U3: 2028 | V3: 2029 | W3: 2030 | X3: 2031 | Y3: 2032 | Z3: 2033 | AA3: 2034 | AB3: 2035 | AD3: 2010 | AE3: 2011 | AF3: 2012 | AG3: 2013 | AH3: 2014 | AI3: 2015 | AJ3: 2016 | AK3: 2017 | AL3: 2018 | AM3: 2019 | AN3: 2020 | AO3: 2021 | AP3: 2022 | AQ3: 2023 | AR3: 2024 | AS3: 2025 | AT3: 2026 | AU3: 2027 | AV3: 2028 | AW3: 2029 | AX3: 2030 | AY3: 2031 | AZ3: 2032 | BA3: 2033 | BB3: 2034 | BC3: 2035 | BG3: Potentials at low price
BG4: TFM_INS-TS | CN4: TFM_INS-TS
BG5: Pset_PN | BH5: *Description | BI5: Attribute | BJ5: *Output | BK5: *Unit | BL5: 2012 | BM5: 2013 | BN5: 2014 | BO5: 2015 | BP5: 2016 | BQ5: 2017 | BR5: 2018 | BS5: 2019 | BT5: 2020 | BU5: 2021 | BV5: 2022 | BW5: 2023 | BX5: 2024 | BY5: 2025 | BZ5: 2026 | CA5: 2027 | CB5: 2028 | CC5: 2029 | CD5: 2030 | CE5: 2031 | CF5: 2032 | CG5: 2033 | CH5: 2034 | CI5: 2035 | CJ5: 2050 | CK5: 0 | CN5: Pset_PN | CO5: *Description | CP5: Attribute | CQ5: Curr | CR5: *Output | CS5: *Unit | CT5: 2012 | CU5: 2013 | CV5: 2014 | CW5: 2015 | CX5: 2016 | CY5: 2017 | CZ5: 2018 | DA5: 2019 | DB5: 2020 | DC5: 2021 | DD5: 2022 | DE5: 2023 | DF5: 2024 | DG5: 2025 | DH5: 2026 | DI5: 2027 | DJ5: 2028 | DK5: 2029 | DL5: 2030 | DM5: 2031 | DN5: 2032 | DO5: 2033 | DP5: 2034 | DQ5: 2035 | DR5: 0
A6: Forest thinnings - Lo | B6: Forest | C6: 44167.383 | D6: 58670.106 | E6: 47298.653 | F6: 63449.412 | G6: 54385.211 | H6: 60016.003 | I6: 65646.795 | J6: 46721.84 | K6: 34389.032 | L6: 67377.233 | M6: 78116.939 | N6: 72237.914 | O6: 115737.81 | P6: 195427.64 | Q6: 239777.85 | R6: 270702.44 | S6: 295777.41 | T6: 330983.63 | U6: 238045.64 | V6: 282127.24 | W6: 264469.8 | X6: 261701.52 | Y6: 294087.6 | Z6: 304765.03 | AA6: 326688.68 | AB6: 458240.33 | AD6: 144.4446 | AE6: 144.4446 | AF6: 144.4446 | AG6: 144.4446 | AH6: 144.4446 | AI6: 144.4446 | AJ6: 144.4446 | AK6: 144.4446 | AL6: 144.4446 | AM6: 144.4446 | AN6: 144.4446 | AO6: 144.4446 | AP6: 144.4446 | AQ6: 144.4446 | AR6: 144.4446 | AS6: 144.4446 | AT6: 144.4446 | AU6: 144.4446 | AV6: 144.4446 | AW6: 144.4446 | AX6: 144.4446 | AY6: 144.4446 | AZ6: 144.4446 | BA6: 144.4446 | BB6: 144.4446 | BC6: 144.4446 | BE6: 1 | BG6: ="ABIOFRSR"&BE6 -> ABIOFRSR1 | BH6: =A6 -> Forest thinnings - Lo | BI6: ACT_BND | BJ6: BIOWOO | BK6: PJ | BL6: =E6/1000*Conversions!$B$2 -> 1.9803 | BM6: =F6/1000*Conversions!$B$2 -> 2.6565 | BN6: =G6/1000*Conversions!$B$2 -> 2.277 | BO6: =H6/1000*Conversions!$B$2 -> 2.51275 | BP6: =I6/1000*Conversions!$B$2 -> 2.7485 | BQ6: =J6/1000*Conversions!$B$2 -> 1.95615 | BR6: =K6/1000*Conversions!$B$2 -> 1.4398 | BS6: =L6/1000*Conversions!$B$2 -> 2.82095 | ... BV6: =O6/1000*Conversions!$B$2 -> 4.8457104 | BW6: =BX6 -> 4.824 | BX6: =BY6 -> 4.824 | BY6: =SEAI!N12 -> 4.824 | CD6: =SEAI!O12 -> 5.5764 | CI6: =SEAI!P12 -> 5.4432 | CJ6: =SEAI!S12 -> 2.6028 | CK6: 5 | CN6: =BG6 -> ABIOFRSR1 | CO6: =BH6 -> Forest thinnings - Lo | CP6: ACTCOST | CQ6: MEUR2014 | CR6: =BJ6 -> BIOWOO | CS6: €14/GJ | CT6: =SEAI!$L$12 -> 4.7222222 | CU6: =SEAI!$L$12 -> 4.7222222 | CV6: =SEAI!$L$12 -> 4.7222222 | CW6: =SEAI!$L$12 -> 4.7222222 | CX6: =SEAI!$L$12 -> 4.7222222 | CY6: =SEAI!$L$12 -> 4.7222222 | CZ6: =SEAI!$L$12 -> 4.7222222 | DA6: =SEAI!$L$12 -> 4.7222222 | ... DQ6: =SEAI!$L$12 -> 4.7222222 | DR6: 5
A7: Sawmill residues - Lo | B7: Sawmill | C7: 66580.682 | D7: 82072.227 | E7: 89488.392 | F7: 86357.122 | G7: 85697.908 | H7: 100130.34 | I7: 108535.13 | J7: 116928.29 | K7: 125309.68 | L7: 133679.14 | M7: 142036.55 | N7: 145559.22 | O7: 149159.73 | P7: 152839.75 | Q7: 156600.97 | R7: 160445.13 | S7: 164373.99 | T7: 168389.36 | U7: 172493.08 | V7: 176687.04 | W7: 180973.15 | X7: 185353.37 | Y7: 189829.71 | Z7: 194404.21 | AA7: 199078.95 | AB7: 203856.07 | AD7: 104.67 | AE7: 104.67 | AF7: 104.67 | AG7: 104.67 | AH7: 104.67 | AI7: 104.67 | AJ7: 104.67 | AK7: 104.67 | AL7: 104.67 | AM7: 104.67 | AN7: 104.67 | AO7: 104.67 | AP7: 104.67 | AQ7: 104.67 | AR7: 104.67 | AS7: 104.67 | AT7: 104.67 | AU7: 104.67 | AV7: 104.67 | AW7: 104.67 | AX7: 104.67 | AY7: 104.67 | AZ7: 104.67 | BA7: 104.67 | BB7: 104.67 | BC7: 104.67 | BE7: _S1 | BG7: ="MINBIOWOO1"&BE7 -> MINBIOWOO1_S1 | BH7: =A7 -> Sawmill residues - Lo | BI7: ACT_BND | BJ7: BIOWOO | BK7: PJ | BL7: =E7/1000*Conversions!$B$2 -> 3.7467 | BM7: =F7/1000*Conversions!$B$2 -> 3.6156 | BN7: =G7/1000*Conversions!$B$2 -> 3.588 | BO7: =H7/1000*Conversions!$B$2 -> 4.192257 | BP7: =I7/1000*Conversions!$B$2 -> 4.5441489 | BQ7: =J7/1000*Conversions!$B$2 -> 4.8955538 | BR7: =K7/1000*Conversions!$B$2 -> 5.2464656 | BS7: =L7/1000*Conversions!$B$2 -> 5.5968784 | ... BV7: =O7/1000*Conversions!$B$2 -> 6.2450197 | BW7: =BX7 -> 7.1604 | BX7: =BY7 -> 7.1604 | BY7: =SEAI!N13 -> 7.1604 | CD7: =SEAI!O13 -> 8.8236 | CI7: =SEAI!P13 -> 10.8036 | CJ7: =SEAI!S13 -> 13.1328 | CK7: 5 | CN7: =BG7 -> MINBIOWOO1_S1 | CO7: =BH7 -> Sawmill residues - Lo | CP7: COST | CQ7: MEUR2014 | CR7: =BJ7 -> BIOWOO | CS7: €14/GJ | CT7: =SEAI!$L$13 -> 4.4444444 | CU7: =SEAI!$L$13 -> 4.4444444 | CV7: =SEAI!$L$13 -> 4.4444444 | CW7: =SEAI!$L$13 -> 4.4444444 | CX7: =SEAI!$L$13 -> 4.4444444 | CY7: =SEAI!$L$13 -> 4.4444444 | CZ7: =SEAI!$L$13 -> 4.4444444 | DA7: =SEAI!$L$13 -> 4.4444444 | ... DQ7: =SEAI!$L$13 -> 4.4444444 | DR7: 5
A8: PCRW - Lo | B8: PCRW | C8: 21623.409 | D8: 16561.749 | E8: 15618.088 | F8: 16672.133 | G8: 16793.55 | H8: 17226.659 | I8: 17664.978 | J8: 18192.976 | K8: 18707.269 | L8: 19218.704 | M8: 19726.394 | N8: 19448.219 | O8: 19053.539 | P8: 18644.468 | Q8: 18190.13 | R8: 17757.167 | S8: 17311.964 | T8: 16848.622 | U8: 16366.683 | V8: 15865.681 | W8: 11508.855 | X8: 11687.822 | Y8: 11869.571 | Z8: 12054.147 | AA8: 12241.592 | AB8: 12431.953 | AD8: 61.805143 | AE8: 61.805143 | AF8: 61.805143 | AG8: 61.805143 | AH8: 61.805143 | AI8: 61.805143 | AJ8: 61.805143 | AK8: 61.805143 | AL8: 61.805143 | AM8: 61.805143 | AN8: 61.805143 | AO8: 61.805143 | AP8: 61.805143 | AQ8: 61.805143 | AR8: 61.805143 | AS8: 61.805143 | AT8: 61.805143 | AU8: 61.805143 | AV8: 61.805143 | AW8: 61.805143 | AX8: 61.805143 | AY8: 61.805143 | AZ8: 61.805143 | BA8: 61.805143 | BB8: 61.805143 | BC8: 61.805143 | BE8: _S1 | BG8: ="MINBIOWOO2"&BE8 -> MINBIOWOO2_S1 | BH8: =A8 -> PCRW - Lo | BI8: ACT_BND | BJ8: BIOWOO | BK8: PJ | BL8: =E8/1000*Conversions!$B$2 -> 0.65389811 | BM8: =F8/1000*Conversions!$B$2 -> 0.69802888 | BN8: =G8/1000*Conversions!$B$2 -> 0.70311235 | BO8: =H8/1000*Conversions!$B$2 -> 0.72124575 | BP8: =I8/1000*Conversions!$B$2 -> 0.73959732 | BQ8: =J8/1000*Conversions!$B$2 -> 0.76170351 | BR8: =K8/1000*Conversions!$B$2 -> 0.78323593 | BS8: =L8/1000*Conversions!$B$2 -> 0.80464869 | ... BV8: =O8/1000*Conversions!$B$2 -> 0.79773356 | BW8: =BX8 -> 0.6912 | BX8: =BY8 -> 0.6912 | BY8: =SEAI!N21 -> 0.6912 | CD8: =SEAI!O21 -> 0.5868 | CI8: =SEAI!P21 -> 0.432 | CJ8: =SEAI!S21 -> 0.4932 | CK8: 5 | CN8: =BG8 -> MINBIOWOO2_S1 | CO8: =BH8 -> PCRW - Lo | CP8: COST | CQ8: MEUR2014 | CR8: =BJ8 -> BIOWOO | CS8: €14/GJ | CT8: =SEAI!$L$21 -> -0.83333333 | CU8: =SEAI!$L$21 -> -0.83333333 | CV8: =SEAI!$L$21 -> -0.83333333 | CW8: =SEAI!$L$21 -> -0.83333333 | CX8: =SEAI!$L$21 -> -0.83333333 | CY8: =SEAI!$L$21 -> -0.83333333 | CZ8: =SEAI!$L$21 -> -0.83333333 | DA8: =SEAI!$L$21 -> -0.83333333 | ... DQ8: =SEAI!$L$21 -> -0.83333333 | DR8: 5
A9: Solid BMSW - Lo | B9: SolidBMSW | C9: 0 | D9: 0 | E9: 0 | F9: 0 | G9: 0 | H9: 74670.176 | I9: 62218.419 | J9: 64475.608 | K9: 67956.963 | L9: 71404.835 | M9: 74813.025 | N9: 77378.647 | O9: 79238.957 | P9: 81135 | Q9: 82816.248 | R9: 84830.878 | S9: 86919.511 | T9: 89037.5 | U9: 91185.288 | V9: 93363.326 | W9: 95572.07 | X9: 97810.596 | Y9: 100079.3 | Z9: 102378.57 | AA9: 104708.82 | AB9: 107070.45 | AD9: -610 | AE9: -610 | AF9: -610 | AG9: -610 | AH9: -610 | AI9: -610 | AJ9: -610 | AK9: -610 | AL9: -610 | AM9: -610 | AN9: -610 | AO9: -610 | AP9: -610 | AQ9: -610 | AR9: -610 | AS9: -610 | AT9: -610 | AU9: -610 | AV9: -610 | AW9: -610 | AX9: -610 | AY9: -610 | AZ9: -610 | BA9: -610 | BB9: -610 | BC9: -610 | BE9: _S1 | BG9: ="MINBIOMSW1"&BE9 -> MINBIOMSW1_S1 | BH9: =A9 -> Solid BMSW - Lo | BI9: ACT_BND | BJ9: BIOMUN | BK9: PJ | BL9: =E9/1000*Conversions!$B$2 -> 0 | BM9: =F9/1000*Conversions!$B$2 -> 0 | BN9: =G9/1000*Conversions!$B$2 -> 0 | BO9: =H9/1000*Conversions!$B$2 -> 3.1262909 | BP9: =I9/1000*Conversions!$B$2 -> 2.6049608 | BQ9: =J9/1000*Conversions!$B$2 -> 2.6994647 | BR9: =K9/1000*Conversions!$B$2 -> 2.8452221 | BS9: =L9/1000*Conversions!$B$2 -> 2.9895776 | ... BV9: =O9/1000*Conversions!$B$2 -> 3.3175766 | BW9: =BX9 -> 0.9936 | BX9: =BY9 -> 0.9936 | BY9: =SEAI!N25+SEAI!N24+SEAI!N23 -> 0.9936 | CD9: =SEAI!O25+SEAI!O24+SEAI!O23 -> 1.3248 | CI9: =SEAI!P25+SEAI!P24+SEAI!P23 -> 1.6956 | CJ9: =SEAI!S25+SEAI!S24+SEAI!S23 -> 1.9296 | CK9: 5 | CN9: =BG9 -> MINBIOMSW1_S1 | CO9: =BH9 -> Solid BMSW - Lo | CP9: COST | CQ9: MEUR2014 | CR9: =BJ9 -> BIOMUN | CS9: €14/GJ | CT9: =SEAI!$L$25 -> -17.5 | CU9: =SEAI!$L$25 -> -17.5 | CV9: =SEAI!$L$25 -> -17.5 | CW9: =SEAI!$L$25 -> -17.5 | CX9: =SEAI!$L$25 -> -17.5 | CY9: =SEAI!$L$25 -> -17.5 | CZ9: =SEAI!$L$25 -> -17.5 | DA9: =SEAI!$L$25 -> -17.5 | ... DQ9: =SEAI!$L$25 -> -17.5 | DR9: 5
A10: Tallow - Lo | B10: Tallow | C10: 28180.575 | D10: 27975.062 | E10: 29059.876 | F10: 28897.867 | G10: 28735.858 | H10: 28573.849 | I10: 28558.244 | J10: 28357.021 | K10: 28517.815 | L10: 28647.129 | M10: 28754.258 | N10: 28842.212 | O10: 28936.087 | P10: 29007.062 | Q10: 29032.932 | R10: 29022.325 | S10: 28954.046 | T10: 28843.993 | U10: 28702.375 | V10: 28536.84 | W10: 28354.122 | X10: 28161.438 | Y10: 27962.206 | Z10: 27759.012 | AA10: 27555.5 | AB10: 27345.909 | AD10: 365.12791 | AE10: 365.12791 | AF10: 365.12791 | AG10: 365.12791 | AH10: 365.12791 | AI10: 365.12791 | AJ10: 365.12791 | AK10: 365.12791 | AL10: 365.12791 | AM10: 365.12791 | AN10: 365.12791 | AO10: 365.12791 | AP10: 365.12791 | AQ10: 365.12791 | AR10: 365.12791 | AS10: 365.12791 | AT10: 365.12791 | AU10: 365.12791 | AV10: 365.12791 | AW10: 365.12791 | AX10: 365.12791 | AY10: 365.12791 | AZ10: 365.12791 | BA10: 365.12791 | BB10: 365.12791 | BC10: 365.12791 | BE10: _S1 | BG10: ="MINBIOTLW"&BE10 -> MINBIOTLW_S1 | BH10: =A10 -> Tallow - Lo | BI10: ACT_BND | BJ10: BIOWOO | BK10: PJ | BL10: =E10/1000*Conversions!$B$2 -> 1.2166789 | BM10: =F10/1000*Conversions!$B$2 -> 1.2098959 | BN10: =G10/1000*Conversions!$B$2 -> 1.2031129 | BO10: =H10/1000*Conversions!$B$2 -> 1.1963299 | BP10: =I10/1000*Conversions!$B$2 -> 1.1956766 | BQ10: =J10/1000*Conversions!$B$2 -> 1.1872518 | BR10: =K10/1000*Conversions!$B$2 -> 1.1939839 | BS10: =L10/1000*Conversions!$B$2 -> 1.199398 | ... BV10: =O10/1000*Conversions!$B$2 -> 1.2114961 | BW10: =BX10 -> 1.2816 | BX10: =BY10 -> 1.2816 | BY10: =SEAI!N30 -> 1.2816 | CD10: =SEAI!O30 -> 1.278 | CI10: =SEAI!P30 -> 1.278 | CJ10: =SEAI!S30 -> 1.278 | CK10: 5 | CN10: =BG10 -> MINBIOTLW_S1 | CO10: =BH10 -> Tallow - Lo | CP10: COST | CQ10: MEUR2014 | CR10: =BJ10 -> BIOWOO | CS10: €14/GJ | CT10: =SEAI!$L$30 -> 8.6111111 | CU10: =SEAI!$L$30 -> 8.6111111 | CV10: =SEAI!$L$30 -> 8.6111111 | CW10: =SEAI!$L$30 -> 8.6111111 | CX10: =SEAI!$L$30 -> 8.6111111 | CY10: =SEAI!$L$30 -> 8.6111111 | CZ10: =SEAI!$L$30 -> 8.6111111 | DA10: =SEAI!$L$30 -> 8.6111111 | ... DQ10: =SEAI!$L$30 -> 8.6111111 | DR10: 5
A11: RVO - Lo | B11: RVO | C11: 3807.4402 | D11: 3933.6956 | E11: 3944.227 | F11: 3958.6509 | G11: 3978.0077 | H11: 4001.8521 | I11: 4029.6509 | J11: 4059.5288 | K11: 4092.5168 | L11: 4125.509 | M11: 4158.5701 | N11: 4191.8504 | O11: 4223.4058 | P11: 4253.4058 | Q11: 4281.9613 | R11: 4309.2476 | S11: 4335.4222 | T11: 4360.5804 | U11: 4385.4394 | V11: 4410.2674 | W11: 4435.2571 | X11: 4460.3938 | Y11: 4485.638 | Z11: 4511.0765 | AA11: 4536.8598 | AB11: 4563 | AD11: 648.954 | AE11: 648.954 | AF11: 648.954 | AG11: 648.954 | AH11: 648.954 | AI11: 648.954 | AJ11: 648.954 | AK11: 648.954 | AL11: 648.954 | AM11: 648.954 | AN11: 648.954 | AO11: 648.954 | AP11: 648.954 | AQ11: 648.954 | AR11: 648.954 | AS11: 648.954 | AT11: 648.954 | AU11: 648.954 | AV11: 648.954 | AW11: 648.954 | AX11: 648.954 | AY11: 648.954 | AZ11: 648.954 | BA11: 648.954 | BB11: 648.954 | BC11: 648.954 | BE11: _S1 | BG11: ="MINBIORVO"&BE11 -> MINBIORVO_S1 | BH11: =A11 -> RVO - Lo | BI11: ACT_BND | BJ11: BIORPS | BK11: PJ | BL11: =E11/1000*Conversions!$B$2 -> 0.1651369 | BM11: =F11/1000*Conversions!$B$2 -> 0.1657408 | BN11: =G11/1000*Conversions!$B$2 -> 0.16655123 | BO11: =H11/1000*Conversions!$B$2 -> 0.16754954 | BP11: =I11/1000*Conversions!$B$2 -> 0.16871342 | BQ11: =J11/1000*Conversions!$B$2 -> 0.16996435 | BR11: =K11/1000*Conversions!$B$2 -> 0.17134549 | BS11: =L11/1000*Conversions!$B$2 -> 0.17272681 | ... BV11: =O11/1000*Conversions!$B$2 -> 0.17682556 | BW11: =BX11 -> 0.1872 | BX11: =BY11 -> 0.1872 | BY11: =SEAI!N27 -> 0.1872 | CD11: =SEAI!O27 -> 0.1944 | CI11: =SEAI!P27 -> 0.198 | CJ11: =SEAI!S27 -> 0.216 | CK11: 5 | CN11: =BG11 -> MINBIORVO_S1 | CO11: =BH11 -> RVO - Lo | CP11: COST | CQ11: MEUR2014 | CR11: =BJ11 -> BIORPS | CS11: €14/GJ | CT11: =SEAI!$L$26 -> 15.555556 | CU11: =SEAI!$L$26 -> 15.555556 | CV11: =SEAI!$L$26 -> 15.555556 | CW11: =SEAI!$L$26 -> 15.555556 | CX11: =SEAI!$L$26 -> 15.555556 | CY11: =SEAI!$L$26 -> 15.555556 | CZ11: =SEAI!$L$26 -> 15.555556 | DA11: =SEAI!$L$26 -> 15.555556 | ... DQ11: =SEAI!$L$26 -> 15.555556 | DR11: 5
A12: Straw - Lo | B12: Straw | C12: 10842.319 | D12: 18162.111 | E12: 23069.487 | F12: 14561.459 | G12: 17288.63 | H12: 16597.817 | I12: 17902.046 | J12: 21990.008 | K12: 23904.397 | L12: 25843.522 | M12: 27692.948 | N12: 29297.452 | O12: 30632.755 | P12: 31834.905 | Q12: 33105.149 | R12: 33724.835 | S12: 33082.003 | T12: 33917.295 | U12: 34854.172 | V12: 35869.801 | W12: 36944.226 | X12: 38056.562 | Y12: 39191.841 | Z12: 40330.036 | AA12: 41459.758 | AB12: 42613.71 | AD12: 118.26267 | AE12: 118.26267 | AF12: 118.26267 | AG12: 118.26267 | AH12: 118.26267 | AI12: 118.26267 | AJ12: 118.26267 | AK12: 118.26267 | AL12: 118.26267 | AM12: 118.26267 | AN12: 118.26267 | AO12: 118.26267 | AP12: 118.26267 | AQ12: 118.26267 | AR12: 118.26267 | AS12: 118.26267 | AT12: 118.26267 | AU12: 118.26267 | AV12: 118.26267 | AW12: 118.26267 | AX12: 118.26267 | AY12: 118.26267 | AZ12: 118.26267 | BA12: 118.26267 | BB12: 118.26267 | BC12: 118.26267 | BE12: _S1 | BG12: ="MINBIOWOO3"&BE12 -> MINBIOWOO3_S1 | BH12: =A12 -> Straw - Lo | BI12: ACT_BND | BJ12: BIOWOO | BK12: PJ | BL12: =E12/1000*Conversions!$B$2 -> 0.96587329 | BM12: =F12/1000*Conversions!$B$2 -> 0.60965915 | BN12: =G12/1000*Conversions!$B$2 -> 0.72384035 | BO12: =H12/1000*Conversions!$B$2 -> 0.69491738 | BP12: =I12/1000*Conversions!$B$2 -> 0.74952286 | BQ12: =J12/1000*Conversions!$B$2 -> 0.92067764 | BR12: =K12/1000*Conversions!$B$2 -> 1.0008293 | BS12: =L12/1000*Conversions!$B$2 -> 1.0820166 | ... BV12: =O12/1000*Conversions!$B$2 -> 1.2825322 | BW12: =BX12 -> 0 | BX12: =BY12 -> 0 | BY12: =SEAI!N16 -> 0 | CD12: =SEAI!O16 -> 0.072 | CI12: =SEAI!P16 -> 0.072 | CJ12: =SEAI!S16 -> 0.072 | CK12: 5 | CN12: =BG12 -> MINBIOWOO3_S1 | CO12: =BH12 -> Straw - Lo | CP12: COST | CQ12: MEUR2014 | CR12: =BJ12 -> BIOWOO | CS12: €14/GJ | CT12: =SEAI!$L$16 -> 2.7777778 | CU12: =SEAI!$L$16 -> 2.7777778 | CV12: =SEAI!$L$16 -> 2.7777778 | CW12: =SEAI!$L$16 -> 2.7777778 | CX12: =SEAI!$L$16 -> 2.7777778 | CY12: =SEAI!$L$16 -> 2.7777778 | CZ12: =SEAI!$L$16 -> 2.7777778 | DA12: =SEAI!$L$16 -> 2.7777778 | ... DQ12: =SEAI!$L$16 -> 2.7777778 | DR12: 5
A13: Cattle waste - Lo | B13: Cattle | C13: 810.6545 | D13: 830.90023 | E13: 853.49227 | F13: 872.70638 | G13: 891.92048 | H13: 911.13459 | I13: 939.63001 | J13: 948.58764 | K13: 965.37848 | L13: 987.90983 | M13: 1012.7292 | N13: 1035.2913 | O13: 1055.292 | P13: 945.22758 | Q13: 1088.324 | R13: 1101.6427 | S13: 1112.9368 | T13: 1122.1473 | U13: 1129.5181 | V13: 1135.3689 | W13: 1139.9266 | X13: 1143.3366 | Y13: 1145.4953 | Z13: 1146.642 | AA13: 1147.1695 | AB13: 1147.0261 | AD13: 0 | AE13: 0 | AF13: 0 | AG13: 0 | AH13: 0 | AI13: 0 | AJ13: 0 | AK13: 0 | AL13: 0 | AM13: 0 | AN13: 0 | AO13: 0 | AP13: 0 | AQ13: 0 | AR13: 0 | AS13: 0 | AT13: 0 | AU13: 0 | AV13: 0 | AW13: 0 | AX13: 0 | AY13: 0 | AZ13: 0 | BA13: 0 | BB13: 0 | BC13: 0 | BE13: _S1 | BG13: ="MINBIOCATW"&BE13 -> MINBIOCATW_S1 | BH13: =A13 -> Cattle waste - Lo | BI13: ACT_BND | BJ13: BIOSLU | BK13: PJ | BL13: =E13/1000*Conversions!$B$2 -> 0.035734014 | BM13: =F13/1000*Conversions!$B$2 -> 0.036538471 | BN13: =G13/1000*Conversions!$B$2 -> 0.037342927 | BO13: =H13/1000*Conversions!$B$2 -> 0.038147383 | BP13: =I13/1000*Conversions!$B$2 -> 0.039340429 | BQ13: =J13/1000*Conversions!$B$2 -> 0.039715467 | BR13: =K13/1000*Conversions!$B$2 -> 0.040418466 | BS13: =L13/1000*Conversions!$B$2 -> 0.041361809 | BT13: 0 | BU13: 0 | BV13: 0 | BW13: 0 | BX13: 0 | BY13: 0 | BZ13: 0 | CA13: 0 | CB13: 0 | CC13: 0 | CD13: 0 | CE13: 0 | CF13: 0 | CG13: 0 | CH13: 0 | CI13: 0 | CJ13: 0 | CK13: 5 | CN13: =BG13 -> MINBIOCATW_S1 | CO13: =BH13 -> Cattle waste - Lo | CP13: COST | CQ13: MEUR2014 | CR13: =BJ13 -> BIOSLU | CS13: €14/GJ | CT13: =IF(AF13<0,0.01,AF13/Conversions!$B$3) -> 0 | CU13: =IF(AG13<0,0.01,AG13/Conversions!$B$3) -> 0 | CV13: =IF(AH13<0,0.01,AH13/Conversions!$B$3) -> 0 | CW13: =IF(AI13<0,0.01,AI13/Conversions!$B$3) -> 0 | CX13: =IF(AJ13<0,0.01,AJ13/Conversions!$B$3) -> 0 | CY13: =IF(AK13<0,0.01,AK13/Conversions!$B$3) -> 0 | CZ13: =IF(AL13<0,0.01,AL13/Conversions!$B$3) -> 0 | DA13: =IF(AM13<0,0.01,AM13/Conversions!$B$3) -> 0 | ... DQ13: =IF(BC13<0,0.01,BC13/Conversions!$B$3) -> 0 | DR13: 5
A14: Pig waste - Lo | B14: Pig | C14: 23799.232 | D14: 24461.636 | E14: 24161.977 | F14: 23960.004 | G14: 23758.031 | H14: 23556.057 | I14: 23587.896 | J14: 23766.656 | K14: 23904.758 | L14: 23998.276 | M14: 24060.884 | N14: 24099.154 | O14: 24117.393 | P14: 24121.288 | Q14: 24117.717 | R14: 24111.082 | S14: 24102.731 | T14: 24093.283 | U14: 24082.668 | V14: 24070.806 | W14: 24059.124 | X14: 24060.316 | Y14: 24070.305 | Z14: 24075.871 | AA14: 24075.151 | AB14: 24069.188 | AD14: 0 | AE14: 0 | AF14: 0 | AG14: 0 | AH14: 0 | AI14: 0 | AJ14: 0 | AK14: 0 | AL14: 0 | AM14: 0 | AN14: 0 | AO14: 0 | AP14: 0 | AQ14: 0 | AR14: 0 | AS14: 0 | AT14: 0 | AU14: 0 | AV14: 0 | AW14: 0 | AX14: 0 | AY14: 0 | AZ14: 0 | BA14: 0 | BB14: 0 | BC14: 0 | BE14: _S1 | BG14: ="MINBIOPIGW"&BE14 -> MINBIOPIGW_S1 | BH14: =A14 -> Pig waste - Lo | BI14: ACT_BND | BJ14: BIOSLU | BK14: PJ | BL14: =E14/1000*Conversions!$B$2 -> 1.0116137 | BM14: =F14/1000*Conversions!$B$2 -> 1.0031574 | BN14: =G14/1000*Conversions!$B$2 -> 0.99470123 | BO14: =H14/1000*Conversions!$B$2 -> 0.98624501 | BP14: =I14/1000*Conversions!$B$2 -> 0.98757803 | BQ14: =J14/1000*Conversions!$B$2 -> 0.99506235 | BR14: =K14/1000*Conversions!$B$2 -> 1.0008444 | BS14: =L14/1000*Conversions!$B$2 -> 1.0047598 | ... BV14: =O14/1000*Conversions!$B$2 -> 1.009747 | BW14: =BX14 -> 1.8216 | BX14: =BY14 -> 1.8216 | BY14: =SEAI!N17 -> 1.8216 | CD14: =SEAI!O17 -> 1.8756 | CI14: =SEAI!P17 -> 1.8756 | CJ14: =SEAI!S17 -> 1.8756 | CK14: 5 | CN14: =BG14 -> MINBIOPIGW_S1 | CO14: =BH14 -> Pig waste - Lo | CP14: COST | CQ14: MEUR2014 | CR14: =BJ14 -> BIOSLU | CS14: €14/GJ | CT14: =SEAI!$L$17 -> 0 | CU14: =SEAI!$L$17 -> 0 | CV14: =SEAI!$L$17 -> 0 | CW14: =SEAI!$L$17 -> 0 | CX14: =SEAI!$L$17 -> 0 | CY14: =SEAI!$L$17 -> 0 | CZ14: =SEAI!$L$17 -> 0 | DA14: =SEAI!$L$17 -> 0 | ... DQ14: =SEAI!$L$17 -> 0 | DR14: 5
A15: BMSW - Lo | B15: BMSW | C15: 3097.2496 | D15: 4323.3142 | E15: 4875.7988 | F15: 6096.6311 | G15: 6263.0705 | H15: 6547.4643 | I15: 7056.7744 | J15: 7311.5358 | K15: 7525.0048 | L15: 7737.67 | M15: 7949.1679 | N15: 8114.5244 | O15: 8241.0581 | P15: 8370.1612 | Q15: 8487.7062 | R15: 8624.619 | S15: 8766.3294 | T15: 8910.3279 | U15: 9056.6504 | V15: 9205.3334 | W15: 9356.4139 | X15: 9509.9672 | Y15: 9666.0336 | Z15: 9824.6541 | AA15: 9985.8705 | AB15: 10149.725 | AD15: -1274.2435 | AE15: -1274.2435 | AF15: -1274.2435 | AG15: -1274.2435 | AH15: -1274.2435 | AI15: -1274.2435 | AJ15: -1274.2435 | AK15: -1274.2435 | AL15: -1274.2435 | AM15: -1274.2435 | AN15: -1274.2435 | AO15: -1274.2435 | AP15: -1274.2435 | AQ15: -1274.2435 | AR15: -1274.2435 | AS15: -1274.2435 | AT15: -1274.2435 | AU15: -1274.2435 | AV15: -1274.2435 | AW15: -1274.2435 | AX15: -1274.2435 | AY15: -1274.2435 | AZ15: -1274.2435 | BA15: -1274.2435 | BB15: -1274.2435 | BC15: -1274.2435 | BE15: _S1 | BG15: ="MINBIOMSW2"&BE15 -> MINBIOMSW2_S1 | BH15: =A15 -> BMSW - Lo | BI15: ACT_BND | BJ15: BIOMUN | BK15: PJ | BL15: =E15/1000*Conversions!$B$2 -> 0.20413994 | BM15: =F15/1000*Conversions!$B$2 -> 0.25525375 | BN15: =G15/1000*Conversions!$B$2 -> 0.26222224 | BO15: =H15/1000*Conversions!$B$2 -> 0.27412924 | BP15: =I15/1000*Conversions!$B$2 -> 0.29545303 | BQ15: =J15/1000*Conversions!$B$2 -> 0.30611938 | BR15: =K15/1000*Conversions!$B$2 -> 0.3150569 | BS15: =L15/1000*Conversions!$B$2 -> 0.32396077 | ... BV15: =O15/1000*Conversions!$B$2 -> 0.34503662 | BW15: =BX15 -> 4.5432 | BX15: =BY15 -> 4.5432 | BY15: =SEAI!N18 -> 4.5432 | CK15: 5 | CN15: =BG15 -> MINBIOMSW2_S1 | CO15: =BH15 -> BMSW - Lo | CP15: COST | CQ15: MEUR2014 | CR15: =BJ15 -> BIOMUN | CS15: €14/GJ | CT15: =SEAI!$L$18 -> -13.055556 | CU15: =SEAI!$L$18 -> -13.055556 | CV15: =SEAI!$L$18 -> -13.055556 | CW15: =SEAI!$L$18 -> -13.055556 | CX15: =SEAI!$L$18 -> -13.055556 | CY15: =SEAI!$L$18 -> -13.055556 | CZ15: =SEAI!$L$18 -> -13.055556 | DA15: =SEAI!$L$18 -> -13.055556 | ... DQ15: =SEAI!$L$18 -> -13.055556 | DR15: 5
A16: Willow - Lo | B16: Willow | C16: 0 | D16: 0 | E16: 0 | F16: 0 | G16: 839.54333 | H16: 1429.4927 | I16: 1903.812 | J16: 2217.7256 | K16: 2732.6455 | L16: 3260.0299 | M16: 3785.3572 | N16: 4322.7859 | O16: 4897.1243 | P16: 5510.5355 | Q16: 6165.3067 | R16: 6863.8561 | S16: 7608.7403 | T16: 8402.6623 | U16: 9248.4794 | V16: 10149.212 | W16: 11108.053 | X16: 12128.376 | Y16: 13213.75 | Z16: 14367.944 | AA16: 15594.942 | AB16: 15760.845 | AD16: 167.472 | AE16: 167.472 | AF16: 167.472 | AG16: 167.472 | AH16: 167.472 | AI16: 167.472 | AJ16: 167.472 | AK16: 167.472 | AL16: 167.472 | AM16: 167.472 | AN16: 167.472 | AO16: 167.472 | AP16: 167.472 | AQ16: 167.472 | AR16: 167.472 | AS16: 167.472 | AT16: 167.472 | AU16: 167.472 | AV16: 167.472 | AW16: 167.472 | AX16: 167.472 | AY16: 167.472 | AZ16: 167.472 | BA16: 167.472 | BB16: 167.472 | BC16: 167.472 | BE16: 1 | BG16: ="ABIOCRP4"&BE16 -> ABIOCRP41 | BH16: =A16 -> Willow - Lo | BI16: ACT_BND | BJ16: BIOWOO | BK16: PJ | BL16: =E16/1000*Conversions!$B$2 -> 0 | BM16: =F16/1000*Conversions!$B$2 -> 0 | BN16: =G16/1000*Conversions!$B$2 -> 0.03515 | BO16: =H16/1000*Conversions!$B$2 -> 0.05985 | BP16: =I16/1000*Conversions!$B$2 -> 0.0797088 | BQ16: =J16/1000*Conversions!$B$2 -> 0.092851733 | BR16: =K16/1000*Conversions!$B$2 -> 0.1144104 | BS16: =L16/1000*Conversions!$B$2 -> 0.13649093 | ... BV16: =O16/1000*Conversions!$B$2 -> 0.2050328 | BW16: =BX16 -> 0.882 | BX16: =BY16 -> 0.882 | BY16: =SEAI!N64 -> 0.882 | CD16: =SEAI!O64 -> 3.9204 | CI16: =SEAI!P64 -> 6.0552 | CJ16: =SEAI!S64 -> 6.0552 | CK16: 5 | CN16: =BG16 -> ABIOCRP41 | CO16: =BH16 -> Willow - Lo | CP16: ACTCOST | CQ16: MEUR2014 | CR16: =BJ16 -> BIOWOO | CS16: €14/GJ | CT16: =SEAI!$L$64 -> 6.3888889 | CU16: =SEAI!$L$64 -> 6.3888889 | CV16: =SEAI!$L$64 -> 6.3888889 | CW16: =SEAI!$L$64 -> 6.3888889 | CX16: =SEAI!$L$64 -> 6.3888889 | CY16: =SEAI!$L$64 -> 6.3888889 | CZ16: =SEAI!$L$64 -> 6.3888889 | DA16: =SEAI!$L$64 -> 6.3888889 | ... DQ16: =SEAI!$L$64 -> 6.3888889 | DR16: 5
A17: Miscanthus - Lo | B17: Miscanthus | C17: 0 | D17: 0 | E17: 0 | F17: 0 | G17: 721.55345 | H17: 1075.5231 | I17: 1384.1725 | J17: 1458.2943 | K17: 1477.2332 | L17: 1496.1721 | M17: 1757.1415 | N17: 2269.2175 | O17: 2818.2032 | P17: 3406.2617 | Q17: 4035.6802 | R17: 4708.8769 | S17: 5428.4085 | T17: 6196.9778 | U17: 7017.4421 | V17: 7892.822 | W17: 8826.3101 | X17: 9821.2812 | Y17: 10881.302 | Z17: 12010.143 | AA17: 13211.788 | AB17: 13352.339 | AD17: 167.472 | AE17: 167.472 | AF17: 167.472 | AG17: 167.472 | AH17: 167.472 | AI17: 167.472 | AJ17: 167.472 | AK17: 167.472 | AL17: 167.472 | AM17: 167.472 | AN17: 167.472 | AO17: 167.472 | AP17: 167.472 | AQ17: 167.472 | AR17: 167.472 | AS17: 167.472 | AT17: 167.472 | AU17: 167.472 | AV17: 167.472 | AW17: 167.472 | AX17: 167.472 | AY17: 167.472 | AZ17: 167.472 | BA17: 167.472 | BB17: 167.472 | BC17: 167.472 | BE17: 1 | BG17: ="ABIOCRP3"&BE17 -> ABIOCRP31 | BH17: =A17 -> Miscanthus - Lo | BI17: ACT_BND | BJ17: BIOWOO | BK17: PJ | BL17: =E17/1000*Conversions!$B$2 -> 0 | BM17: =F17/1000*Conversions!$B$2 -> 0 | BN17: =G17/1000*Conversions!$B$2 -> 0.03021 | BO17: =H17/1000*Conversions!$B$2 -> 0.04503 | BP17: =I17/1000*Conversions!$B$2 -> 0.057952533 | BQ17: =J17/1000*Conversions!$B$2 -> 0.061055867 | BR17: =K17/1000*Conversions!$B$2 -> 0.0618488 | BS17: =L17/1000*Conversions!$B$2 -> 0.062641733 | BT17: 0 | BU17: 0 | BV17: 0 | BW17: 0 | BX17: 0 | BY17: 0 | BZ17: 0 | CA17: 0 | CB17: 0 | CC17: 0 | CD17: 0 | CE17: 0 | CF17: 0 | CG17: 0 | CH17: 0 | CI17: 0 | CJ17: 0 | CK17: 5 | CN17: =BG17 -> ABIOCRP31 | CO17: =BH17 -> Miscanthus - Lo | CP17: ACTCOST | CQ17: MEUR2014 | CR17: =BJ17 -> BIOWOO | CS17: €14/GJ | CT17: =IF(AF17<0,0.01,AF17/Conversions!$B$3) -> 4 | CU17: =IF(AG17<0,0.01,AG17/Conversions!$B$3) -> 4 | CV17: =IF(AH17<0,0.01,AH17/Conversions!$B$3) -> 4 | CW17: =IF(AI17<0,0.01,AI17/Conversions!$B$3) -> 4 | CX17: =IF(AJ17<0,0.01,AJ17/Conversions!$B$3) -> 4 | CY17: =IF(AK17<0,0.01,AK17/Conversions!$B$3) -> 4 | CZ17: =IF(AL17<0,0.01,AL17/Conversions!$B$3) -> 4 | DA17: =IF(AM17<0,0.01,AM17/Conversions!$B$3) -> 4 | ... DQ17: =IF(BC17<0,0.01,BC17/Conversions!$B$3) -> 4 | DR17: 5
A18: Wheat - Lo | B18: Wheat | C18: 0 | D18: 0 | E18: 0 | F18: 0 | G18: 0 | H18: 0 | I18: 0 | J18: 0 | K18: 0 | L18: 0 | M18: 0 | N18: 0 | O18: 0 | P18: 0 | Q18: 0 | R18: 0 | S18: 0 | T18: 0 | U18: 0 | V18: 0 | W18: 0 | X18: 0 | Y18: 0 | Z18: 0 | AA18: 0 | AB18: 0 | AD18: 796.24812 | AE18: 796.24812 | AF18: 796.24812 | AG18: 796.24812 | AH18: 796.24812 | AI18: 796.24812 | AJ18: 796.24812 | AK18: 796.24812 | AL18: 796.24812 | AM18: 796.24812 | AN18: 796.24812 | AO18: 796.24812 | AP18: 796.24812 | AQ18: 796.24812 | AR18: 796.24812 | AS18: 796.24812 | AT18: 796.24812 | AU18: 796.24812 | AV18: 796.24812 | AW18: 796.24812 | AX18: 796.24812 | AY18: 796.24812 | AZ18: 796.24812 | BA18: 796.24812 | BB18: 796.24812 | BC18: 796.24812 | BE18: 1 | BG18: ="ABIOCRP1"&BE18 -> ABIOCRP11 | BH18: =A18 -> Wheat - Lo | BI18: ACT_BND | BJ18: BIOCRP1 | BK18: PJ | BL18: =E18/1000*Conversions!$B$2 -> 0 | BM18: =F18/1000*Conversions!$B$2 -> 0 | BN18: =G18/1000*Conversions!$B$2 -> 0 | BO18: =H18/1000*Conversions!$B$2 -> 0 | BP18: =I18/1000*Conversions!$B$2 -> 0 | BQ18: =J18/1000*Conversions!$B$2 -> 0 | BR18: =K18/1000*Conversions!$B$2 -> 0 | BS18: =L18/1000*Conversions!$B$2 -> 0 | BT18: 0 | BU18: 0 | BV18: 0 | BW18: 0 | BX18: 0 | BY18: 0 | BZ18: 0 | CA18: 0 | CB18: 0 | CC18: 0 | CD18: 0 | CE18: 0 | CF18: 0 | CG18: 0 | CH18: 0 | CI18: 0 | CJ18: 0 | CK18: 5 | CN18: =BG18 -> ABIOCRP11 | CO18: =BH18 -> Wheat - Lo | CP18: ACTCOST | CQ18: MEUR2014 | CR18: =BJ18 -> BIOCRP1 | CS18: €14/GJ | CT18: =IF(AF18<0,0.01,AF18/Conversions!$B$3) -> 19.01806 | CU18: =IF(AG18<0,0.01,AG18/Conversions!$B$3) -> 19.01806 | CV18: =IF(AH18<0,0.01,AH18/Conversions!$B$3) -> 19.01806 | CW18: =IF(AI18<0,0.01,AI18/Conversions!$B$3) -> 19.01806 | CX18: =IF(AJ18<0,0.01,AJ18/Conversions!$B$3) -> 19.01806 | CY18: =IF(AK18<0,0.01,AK18/Conversions!$B$3) -> 19.01806 | CZ18: =IF(AL18<0,0.01,AL18/Conversions!$B$3) -> 19.01806 | DA18: =IF(AM18<0,0.01,AM18/Conversions!$B$3) -> 19.01806 | ... DQ18: =IF(BC18<0,0.01,BC18/Conversions!$B$3) -> 19.01806 | DR18: 5
A19: OSR - Lo | B19: OSR | C19: 0 | D19: 0 | E19: 0 | F19: 0 | G19: 0 | H19: 0 | I19: 0 | J19: 0 | K19: 0 | L19: 0 | M19: 0 | N19: 0 | O19: 0 | P19: 0 | Q19: 0 | R19: 0 | S19: 0 | T19: 0 | U19: 0 | V19: 0 | W19: 0 | X19: 0 | Y19: 0 | Z19: 0 | AA19: 0 | AB19: 0 | AD19: 902.73276 | AE19: 902.73276 | AF19: 902.73276 | AG19: 902.73276 | AH19: 902.73276 | AI19: 902.73276 | AJ19: 902.73276 | AK19: 902.73276 | AL19: 902.73276 | AM19: 902.73276 | AN19: 902.73276 | AO19: 902.73276 | AP19: 902.73276 | AQ19: 902.73276 | AR19: 902.73276 | AS19: 902.73276 | AT19: 902.73276 | AU19: 902.73276 | AV19: 902.73276 | AW19: 902.73276 | AX19: 902.73276 | AY19: 902.73276 | AZ19: 902.73276 | BA19: 902.73276 | BB19: 902.73276 | BC19: 902.73276 | BE19: 1 | BG19: ="ABIOCRP2"&BE19 -> ABIOCRP21 | BH19: =A19 -> OSR - Lo | BI19: ACT_BND | BJ19: BIORPS | BK19: PJ | BL19: =E19/1000*Conversions!$B$2 -> 0 | BM19: =F19/1000*Conversions!$B$2 -> 0 | BN19: =G19/1000*Conversions!$B$2 -> 0 | BO19: =H19/1000*Conversions!$B$2 -> 0 | BP19: =I19/1000*Conversions!$B$2 -> 0 | BQ19: =J19/1000*Conversions!$B$2 -> 0 | BR19: =K19/1000*Conversions!$B$2 -> 0 | BS19: =L19/1000*Conversions!$B$2 -> 0 | BT19: 0 | BU19: 0 | BV19: 0 | BW19: 0 | BX19: 0 | BY19: 0 | BZ19: 0 | CA19: 0 | CB19: 0 | CC19: 0 | CD19: 0 | CE19: 0 | CF19: 0 | CG19: 0 | CH19: 0 | CI19: 0 | CJ19: 0 | CK19: 5 | CN19: =BG19 -> ABIOCRP21 | CO19: =BH19 -> OSR - Lo | CP19: ACTCOST | CQ19: MEUR2014 | CR19: =BJ19 -> BIORPS | CS19: €14/GJ | CT19: =IF(AF19<0,0.01,AF19/Conversions!$B$3) -> 21.561401 | CU19: =IF(AG19<0,0.01,AG19/Conversions!$B$3) -> 21.561401 | CV19: =IF(AH19<0,0.01,AH19/Conversions!$B$3) -> 21.561401 | CW19: =IF(AI19<0,0.01,AI19/Conversions!$B$3) -> 21.561401 | CX19: =IF(AJ19<0,0.01,AJ19/Conversions!$B$3) -> 21.561401 | CY19: =IF(AK19<0,0.01,AK19/Conversions!$B$3) -> 21.561401 | CZ19: =IF(AL19<0,0.01,AL19/Conversions!$B$3) -> 21.561401 | DA19: =IF(AM19<0,0.01,AM19/Conversions!$B$3) -> 21.561401 | ... DQ19: =IF(BC19<0,0.01,BC19/Conversions!$B$3) -> 21.561401 | DR19: 5
A20: Crops Anaerobic - Lo | B20: Anaerobic | C20: 0 | D20: 0 | E20: 0 | F20: 0 | G20: 0 | H20: 0 | I20: 27433.453 | J20: 28191.483 | K20: 28949.513 | L20: 29707.542 | M20: 30465.572 | N20: 31223.602 | O20: 31981.631 | P20: =AVERAGE(O20,Q20) -> 32739.661 | Q20: 33497.691 | R20: 34255.72 | S20: 35013.75 | T20: 35771.779 | U20: 36529.809 | V20: 37287.839 | W20: 38045.868 | X20: 38803.898 | Y20: 39561.928 | Z20: 40319.957 | AA20: 41077.987 | AB20: 41836.017 | AD20: 196.27917 | AE20: 196.27917 | AF20: 196.27917 | AG20: 196.27917 | AH20: 196.27917 | AI20: 196.27917 | AJ20: 196.27917 | AK20: 196.27917 | AL20: 196.27917 | AM20: 196.27917 | AN20: 196.27917 | AO20: 196.27917 | AP20: 196.27917 | AQ20: 196.27917 | AR20: 196.27917 | AS20: 196.27917 | AT20: 196.27917 | AU20: 196.27917 | AV20: 196.27917 | AW20: 196.27917 | AX20: 196.27917 | AY20: 196.27917 | AZ20: 196.27917 | BA20: 196.27917 | BB20: 196.27917 | BC20: 196.27917 | BE20: 1 | BG20: ="ABIOGAS1"&BE20 -> ABIOGAS11 | BH20: =A20 -> Crops Anaerobic - Lo | BI20: ACT_BND | BJ20: BIOGAS | BK20: PJ | BL20: =E20/1000*Conversions!$B$2 -> 0 | BM20: =F20/1000*Conversions!$B$2 -> 0 | BN20: =G20/1000*Conversions!$B$2 -> 0 | BO20: =H20/1000*Conversions!$B$2 -> 0 | BP20: =I20/1000*Conversions!$B$2 -> 1.1485838 | BQ20: =J20/1000*Conversions!$B$2 -> 1.180321 | BR20: =K20/1000*Conversions!$B$2 -> 1.2120582 | BS20: =L20/1000*Conversions!$B$2 -> 1.2437954 | ... BV20: =O20/1000*Conversions!$B$2 -> 1.3390069 | BW20: =BX20 -> 4.4388 | BX20: =BY20 -> 4.4388 | BY20: =SEAI!N48 -> 4.4388 | CD20: =SEAI!O48 -> 11.8332 | CI20: =SEAI!P48 -> 11.8332 | CJ20: =SEAI!S48 -> 11.8332 | CK20: 5 | CN20: =BG20 -> ABIOGAS11 | CO20: =BH20 -> Crops Anaerobic - Lo | CP20: ACTCOST | CQ20: MEUR2014 | CR20: =BJ20 -> BIOGAS | CS20: €14/GJ | CT20: =SEAI!$L$48 -> 14.694444 | CU20: =SEAI!$L$48 -> 14.694444 | CV20: =SEAI!$L$48 -> 14.694444 | CW20: =SEAI!$L$48 -> 14.694444 | CX20: =SEAI!$L$48 -> 14.694444 | CY20: =SEAI!$L$48 -> 14.694444 | CZ20: =SEAI!$L$48 -> 14.694444 | DA20: =SEAI!$L$48 -> 14.694444 | ... DQ20: =SEAI!$L$48 -> 14.694444 | DR20: 5
A21: Industrial Food - Lo | B21: IndFood | C21: 0 | D21: 0 | E21: 0 | F21: 0 | G21: 0 | H21: 13635.152 | I21: 13683.837 | J21: 13692.374 | K21: 13729.492 | L21: 13775.359 | M21: 13824.401 | N21: 13868.583 | O21: 13908.489 | P21: 13943.453 | Q21: 13972.354 | R21: 13996.313 | S21: 14014.004 | T21: 14026.093 | U21: 14033.5 | V21: 14037.148 | W21: 14037.755 | X21: 14035.926 | Y21: 14031.633 | Z21: 14025.377 | AA21: 14018.01 | AB21: 14009.21 | AD21: 0 | AE21: 0 | AF21: 0 | AG21: 0 | AH21: 0 | AI21: 0 | AJ21: 0 | AK21: 0 | AL21: 0 | AM21: 0 | AN21: 0 | AO21: 0 | AP21: 0 | AQ21: 0 | AR21: 0 | AS21: 0 | AT21: 0 | AU21: 0 | AV21: 0 | AW21: 0 | AX21: 0 | AY21: 0 | AZ21: 0 | BA21: 0 | BB21: 0 | BC21: 0 | BE21: _S1 | BG21: ="MINBIOINDF"&BE21 -> MINBIOINDF_S1 | BH21: =A21 -> Industrial Food - Lo | BI21: ACT_BND | BJ21: BIOSLU | BK21: PJ | BL21: =E21/1000*Conversions!$B$2 -> 0 | BM21: =F21/1000*Conversions!$B$2 -> 0 | BN21: =G21/1000*Conversions!$B$2 -> 0 | BO21: =H21/1000*Conversions!$B$2 -> 0.57087653 | BP21: =I21/1000*Conversions!$B$2 -> 0.57291491 | BQ21: =J21/1000*Conversions!$B$2 -> 0.57327233 | BR21: =K21/1000*Conversions!$B$2 -> 0.57482637 | BS21: =L21/1000*Conversions!$B$2 -> 0.57674672 | ... BV21: =O21/1000*Conversions!$B$2 -> 0.58232064 | BW21: =BX21 -> 0.2772 | BX21: =BY21 -> 0.2772 | BY21: =SEAI!N22 -> 0.2772 | CD21: =SEAI!O22 -> 0.3492 | CI21: =SEAI!P22 -> 0.3492 | CJ21: =SEAI!S22 -> 0.3492 | CK21: 5 | CN21: =BG21 -> MINBIOINDF_S1 | CO21: =BH21 -> Industrial Food - Lo | CP21: COST | CQ21: MEUR2014 | CR21: =BJ21 -> BIOSLU | CS21: €14/GJ | CT21: =SEAI!$L$22 -> 0 | CU21: =SEAI!$L$22 -> 0 | CV21: =SEAI!$L$22 -> 0 | CW21: =SEAI!$L$22 -> 0 | CX21: =SEAI!$L$22 -> 0 | CY21: =SEAI!$L$22 -> 0 | CZ21: =SEAI!$L$22 -> 0 | DA21: =SEAI!$L$22 -> 0 | ... DQ21: =SEAI!$L$22 -> 0 | DR21: 5
A23: Resource at medium price | AD23: Medium Price
A24: Feedstock | B24: Sheet Name | C24: Total Available for Bioenergy use (toe) | AD24: Feestock price (€/toe)
C25: 2010 | D25: 2011 | E25: 2012 | F25: 2013 | G25: 2014 | H25: 2015 | I25: 2016 | J25: 2017 | K25: 2018 | L25: 2019 | M25: 2020 | N25: 2021 | O25: 2022 | P25: 2023 | Q25: 2024 | R25: 2025 | S25: 2026 | T25: 2027 | U25: 2028 | V25: 2029 | W25: 2030 | X25: 2031 | Y25: 2032 | Z25: 2033 | AA25: 2034 | AB25: 2035 | AD25: 2010 | AE25: 2011 | AF25: 2012 | AG25: 2013 | AH25: 2014 | AI25: 2015 | AJ25: 2016 | AK25: 2017 | AL25: 2018 | AM25: 2019 | AN25: 2020 | AO25: 2021 | AP25: 2022 | AQ25: 2023 | AR25: 2024 | AS25: 2025 | AT25: 2026 | AU25: 2027 | AV25: 2028 | AW25: 2029 | AX25: 2030 | AY25: 2031 | AZ25: 2032 | BA25: 2033 | BB25: 2034 | BC25: 2035 | BG25: Potentials at medium price
BG26: TFM_INS-TS | CN26: TFM_INS-TS
BG27: Pset_PN | BH27: *Description | BI27: Attribute | BJ27: *Output | BK27: *Unit | BL27: 2012 | BM27: 2013 | BN27: 2014 | BO27: 2015 | BP27: 2016 | BQ27: 2017 | BR27: 2018 | BS27: 2019 | BT27: 2020 | BU27: 2021 | BV27: 2022 | BW27: 2023 | BX27: 2024 | BY27: 2025 | BZ27: 2026 | CA27: 2027 | CB27: 2028 | CC27: 2029 | CD27: 2030 | CE27: 2031 | CF27: 2032 | CG27: 2033 | CH27: 2034 | CI27: 2035 | CJ27: 2050 | CK27: 0 | CN27: Pset_PN | CO27: *Description | CP27: Attribute | CQ27: Curr | CR27: *Output | CS27: *Unit | CT27: 2012 | CU27: 2013 | CV27: 2014 | CW27: 2015 | CX27: 2016 | CY27: 2017 | CZ27: 2018 | DA27: 2019 | DB27: 2020 | DC27: 2021 | DD27: 2022 | DE27: 2023 | DF27: 2024 | DG27: 2025 | DH27: 2026 | DI27: 2027 | DJ27: 2028 | DK27: 2029 | DL27: 2030 | DM27: 2031 | DN27: 2032 | DO27: 2033 | DP27: 2034 | DQ27: 2035 | DR27: 0
A28: Forest thinnings - Me | B28: Forest | C28: 0 | D28: 0 | E28: 0 | F28: 0 | G28: 0 | H28: 0 | I28: 0 | J28: 0 | K28: 0 | L28: 0 | M28: 0 | N28: 148.3233 | O28: 296.6466 | P28: 482.05073 | Q28: 609.77357 | R28: 762.21697 | S28: 889.93981 | T28: 1038.2631 | U28: 1120.6649 | V28: 1223.6672 | W28: 1359.6303 | X28: 0 | Y28: 0 | Z28: 0 | AA28: 0 | AB28: 0 | AD28: 209.34 | AE28: 209.34 | AF28: 209.34 | AG28: 209.34 | AH28: 209.34 | AI28: 209.34 | AJ28: 209.34 | AK28: 209.34 | AL28: 209.34 | AM28: 209.34 | AN28: 209.34 | AO28: 209.34 | AP28: 209.34 | AQ28: 209.34 | AR28: 209.34 | AS28: 209.34 | AT28: 209.34 | AU28: 209.34 | AV28: 209.34 | AW28: 209.34 | AX28: 209.34 | AY28: 209.34 | AZ28: 209.34 | BA28: 209.34 | BB28: 209.34 | BC28: 209.34 | BE28: 2 | BG28: ="ABIOFRSR"&BE28 -> ABIOFRSR2 | BH28: =A28 -> Forest thinnings - Me | BI28: ACT_BND | BJ28: BIOWOO | BK28: PJ | BL28: =E28/1000*Conversions!$B$2 -> 0 | BM28: =F28/1000*Conversions!$B$2 -> 0 | BN28: =G28/1000*Conversions!$B$2 -> 0 | BO28: =H28/1000*Conversions!$B$2 -> 0 | BP28: =I28/1000*Conversions!$B$2 -> 0 | BQ28: =J28/1000*Conversions!$B$2 -> 0 | BR28: =K28/1000*Conversions!$B$2 -> 0 | BS28: =L28/1000*Conversions!$B$2 -> 0 | ... BX28: =Q28/1000*Conversions!$B$2 -> 0.02553 | BY28: =SEAI!N11 -> 0.0108 | CD28: =SEAI!O11 -> 0.0504 | CI28: =SEAI!P11 -> 0.0792 | CJ28: =SEAI!S11 -> 0.1224 | CK28: 5 | CN28: =BG28 -> ABIOFRSR2 | CO28: =BH28 -> Forest thinnings - Me | CP28: ACTCOST | CQ28: MEUR2014 | CR28: =BJ28 -> BIOWOO | CS28: €14/GJ | CT28: =SEAI!$L$11 -> 5 | CU28: =SEAI!$L$11 -> 5 | CV28: =SEAI!$L$11 -> 5 | CW28: =SEAI!$L$11 -> 5 | CX28: =SEAI!$L$11 -> 5 | CY28: =SEAI!$L$11 -> 5 | CZ28: =SEAI!$L$11 -> 5 | DA28: =SEAI!$L$11 -> 5 | ... DQ28: =SEAI!$L$11 -> 5 | DR28: 5
A29: Sawmill residues - Me | B29: Sawmill | C29: 0 | D29: 0 | E29: 0 | F29: 0 | G29: 0 | H29: 0 | I29: 0 | J29: 0 | K29: 0 | L29: 0 | M29: 0 | N29: 0 | O29: 0 | P29: 0 | Q29: 0 | R29: 0 | S29: 0 | T29: 0 | U29: 0 | V29: 0 | W29: 0 | X29: 0 | Y29: 0 | Z29: 0 | AA29: 0 | AB29: 0 | AD29: 293.076 | AE29: 293.076 | AF29: 293.076 | AG29: 293.076 | AH29: 293.076 | AI29: 293.076 | AJ29: 293.076 | AK29: 293.076 | AL29: 293.076 | AM29: 293.076 | AN29: 293.076 | AO29: 293.076 | AP29: 293.076 | AQ29: 293.076 | AR29: 293.076 | AS29: 293.076 | AT29: 293.076 | AU29: 293.076 | AV29: 293.076 | AW29: 293.076 | AX29: 293.076 | AY29: 293.076 | AZ29: 293.076 | BA29: 293.076 | BB29: 293.076 | BC29: 293.076 | BE29: _S2 | BG29: ="MINBIOWOO1"&BE29 -> MINBIOWOO1_S2 | BH29: =A29 -> Sawmill residues - Me | BI29: ACT_BND | BJ29: BIOWOO | BK29: PJ | BL29: =E29/1000*Conversions!$B$2 -> 0 | BM29: =F29/1000*Conversions!$B$2 -> 0 | BN29: =G29/1000*Conversions!$B$2 -> 0 | BO29: =H29/1000*Conversions!$B$2 -> 0 | BP29: =I29/1000*Conversions!$B$2 -> 0 | BQ29: =J29/1000*Conversions!$B$2 -> 0 | BR29: =K29/1000*Conversions!$B$2 -> 0 | BS29: =L29/1000*Conversions!$B$2 -> 0 | BT29: 0 | BU29: 0 | BV29: 0 | BW29: 0 | BX29: 0 | BY29: 0 | BZ29: 0 | CA29: 0 | CB29: 0 | CC29: 0 | CD29: 0 | CE29: 0 | CF29: 0 | CG29: 0 | CH29: 0 | CI29: 0 | CJ29: 0 | CK29: 5 | CN29: =BG29 -> MINBIOWOO1_S2 | CO29: =BH29 -> Sawmill residues - Me | CP29: COST | CQ29: MEUR2014 | CR29: =BJ29 -> BIOWOO | CS29: €14/GJ | CT29: =IF(AF29<0,0.01,AF29/Conversions!$B$3) -> 7 | CU29: =IF(AG29<0,0.01,AG29/Conversions!$B$3) -> 7 | CV29: =IF(AH29<0,0.01,AH29/Conversions!$B$3) -> 7 | CW29: =IF(AI29<0,0.01,AI29/Conversions!$B$3) -> 7 | CX29: =IF(AJ29<0,0.01,AJ29/Conversions!$B$3) -> 7 | CY29: =IF(AK29<0,0.01,AK29/Conversions!$B$3) -> 7 | CZ29: =IF(AL29<0,0.01,AL29/Conversions!$B$3) -> 7 | DA29: =IF(AM29<0,0.01,AM29/Conversions!$B$3) -> 7 | ... DQ29: =IF(BC29<0,0.01,BC29/Conversions!$B$3) -> 7 | DR29: 5
A30: PCRW - Me | B30: PCRW | C30: 0 | D30: 6.116895e-13 | E30: 0 | F30: 1.2375306e-12 | G30: 1.246543e-12 | H30: 0 | I30: 0 | J30: 0 | K30: 0 | L30: 0 | M30: 0 | N30: 670.62824 | O30: 1360.9671 | P30: 2071.6076 | Q30: 2798.4815 | R30: 3551.4333 | S30: 4327.991 | T30: 5127.8414 | U30: 5951.5211 | V30: 6799.5777 | W30: 11508.855 | X30: 11687.822 | Y30: 11869.571 | Z30: 12054.147 | AA30: 12241.592 | AB30: 12431.953 | AD30: 114.78098 | AE30: 114.78098 | AF30: 114.78098 | AG30: 114.78098 | AH30: 114.78098 | AI30: 114.78098 | AJ30: 114.78098 | AK30: 114.78098 | AL30: 114.78098 | AM30: 114.78098 | AN30: 114.78098 | AO30: 114.78098 | AP30: 114.78098 | AQ30: 114.78098 | AR30: 114.78098 | AS30: 114.78098 | AT30: 114.78098 | AU30: 114.78098 | AV30: 114.78098 | AW30: 114.78098 | AX30: 114.78098 | AY30: 114.78098 | AZ30: 114.78098 | BA30: 114.78098 | BB30: 114.78098 | BC30: 114.78098 | BE30: _S2 | BG30: ="MINBIOWOO2"&BE30 -> MINBIOWOO2_S2 | BH30: =A30 -> PCRW - Me | BI30: ACT_BND | BJ30: BIOWOO | BK30: PJ | BL30: =E30/1000*Conversions!$B$2 -> 0 | BM30: =F30/1000*Conversions!$B$2 -> 5.181293e-17 | BN30: =G30/1000*Conversions!$B$2 -> 5.2190263e-17 | BO30: =H30/1000*Conversions!$B$2 -> 0 | BP30: =I30/1000*Conversions!$B$2 -> 0 | BQ30: =J30/1000*Conversions!$B$2 -> 0 | BR30: =K30/1000*Conversions!$B$2 -> 0 | BS30: =L30/1000*Conversions!$B$2 -> 0 | ... BX30: =Q30/1000*Conversions!$B$2 -> 0.11716682 | BY30: =SEAI!N20 -> 0 | CD30: =SEAI!O20 -> 0.1944 | CI30: =SEAI!P20 -> 0.432 | CJ30: =SEAI!S20 -> 0.4932 | CK30: 5 | CN30: =BG30 -> MINBIOWOO2_S2 | CO30: =BH30 -> PCRW - Me | CP30: COST | CQ30: MEUR2014 | CR30: =BJ30 -> BIOWOO | CS30: €14/GJ | CT30: =SEAI!$L$20 -> 0 | CU30: =SEAI!$L$20 -> 0 | CV30: =SEAI!$L$20 -> 0 | CW30: =SEAI!$L$20 -> 0 | CX30: =SEAI!$L$20 -> 0 | CY30: =SEAI!$L$20 -> 0 | CZ30: =SEAI!$L$20 -> 0 | DA30: =SEAI!$L$20 -> 0 | ... DQ30: =SEAI!$L$20 -> 0 | DR30: 5
A31: Solid BMSW - Me | B31: SolidBMSW | C31: 0 | D31: 0 | E31: 48000.202 | F31: 86247.486 | G31: 78917.875 | H31: 0 | I31: 0 | J31: 0 | K31: 0 | L31: 0 | M31: 0 | N31: 0 | P31: 0 | Q31: 0 | R31: 0 | S31: 0 | T31: 0 | U31: 0 | V31: 0 | W31: 0 | X31: 0 | Y31: 0 | Z31: 0 | AA31: 0 | AB31: 0 | AD31: -510 | AE31: -510 | AF31: -510 | AG31: -510 | AH31: -510 | AI31: -510 | AJ31: -510 | AK31: -510 | AL31: -510 | AM31: -510 | AN31: -510 | AO31: -510 | AP31: -510 | AQ31: -510 | AR31: -510 | AS31: -510 | AT31: -510 | AU31: -510 | AV31: -510 | AW31: -510 | AX31: -510 | AY31: -510 | AZ31: -510 | BA31: -510 | BB31: -510 | BC31: -510 | BE31: _S2 | BG31: ="MINBIOMSW1"&BE31 -> MINBIOMSW1_S2 | BH31: =A31 -> Solid BMSW - Me | BI31: ACT_BND | BJ31: BIOMUN | BK31: PJ | BL31: =E31/1000*Conversions!$B$2 -> 2.0096725 | BM31: =F31/1000*Conversions!$B$2 -> 3.6110097 | BN31: =G31/1000*Conversions!$B$2 -> 3.3041336 | BO31: =+BN31 -> 3.3041336 | BP31: =+BO31 -> 3.3041336 | BQ31: =+BP31 -> 3.3041336 | BR31: =+BQ31 -> 3.3041336 | BS31: =+BR31 -> 3.3041336 | BT31: =+BS31 -> 3.3041336 | BU31: =+BT31 -> 3.3041336 | BV31: =+BU31 -> 3.3041336 | ... BX31: =+BW31 -> 3.3041336 | BY31: =SEAI!N24 -> 0.2484 | CD31: =SEAI!O24 -> 0.3312 | CI31: =SEAI!P24 -> 0.4248 | CJ31: =SEAI!S24 -> 0.4824 | CK31: 5 | CN31: =BG31 -> MINBIOMSW1_S2 | CO31: =BH31 -> Solid BMSW - Me | CP31: COST | CQ31: MEUR2014 | CR31: =BJ31 -> BIOMUN | CS31: €14/GJ | CT31: =SEAI!$L$24 -> -10 | CU31: =SEAI!$L$24 -> -10 | CV31: =SEAI!$L$24 -> -10 | CW31: =SEAI!$L$24 -> -10 | CX31: =SEAI!$L$24 -> -10 | CY31: =SEAI!$L$24 -> -10 | CZ31: =SEAI!$L$24 -> -10 | DA31: =SEAI!$L$24 -> -10 | ... DQ31: =SEAI!$L$24 -> -10 | DR31: 5
A32: Tallow - Me | B32: Tallow | C32: 14090.287 | D32: 13987.531 | E32: 14529.938 | F32: 14448.933 | G32: 14367.929 | H32: 14286.924 | I32: 14279.122 | J32: 14178.51 | K32: 14258.907 | L32: 14323.564 | M32: 14377.129 | N32: 14421.106 | O32: 14468.044 | P32: 14503.531 | Q32: 14516.466 | R32: 14511.163 | S32: 14477.023 | T32: 14421.996 | U32: 14351.187 | V32: 14268.42 | W32: 14177.061 | X32: 14080.719 | Y32: 13981.103 | Z32: 13879.506 | AA32: 13777.75 | AB32: 13672.954 | AD32: 425.98256 | AE32: 425.98256 | AF32: 425.98256 | AG32: 425.98256 | AH32: 425.98256 | AI32: 425.98256 | AJ32: 425.98256 | AK32: 425.98256 | AL32: 425.98256 | AM32: 425.98256 | AN32: 425.98256 | AO32: 425.98256 | AP32: 425.98256 | AQ32: 425.98256 | AR32: 425.98256 | AS32: 425.98256 | AT32: 425.98256 | AU32: 425.98256 | AV32: 425.98256 | AW32: 425.98256 | AX32: 425.98256 | AY32: 425.98256 | AZ32: 425.98256 | BA32: 425.98256 | BB32: 425.98256 | BC32: 425.98256 | BE32: _S2 | BG32: ="MINBIOTLW"&BE32 -> MINBIOTLW_S2 | BH32: =A32 -> Tallow - Me | BI32: ACT_BND | BJ32: BIOWOO | BK32: PJ | BL32: =E32/1000*Conversions!$B$2 -> 0.60833944 | BM32: =F32/1000*Conversions!$B$2 -> 0.60494794 | BN32: =G32/1000*Conversions!$B$2 -> 0.60155645 | BO32: =H32/1000*Conversions!$B$2 -> 0.59816495 | BP32: =I32/1000*Conversions!$B$2 -> 0.59783829 | BQ32: =J32/1000*Conversions!$B$2 -> 0.59362588 | BR32: =K32/1000*Conversions!$B$2 -> 0.59699193 | BS32: =L32/1000*Conversions!$B$2 -> 0.59969899 | ... BV32: =O32/1000*Conversions!$B$2 -> 0.60574805 | BW32: =BX32 -> 0.6408 | BX32: =BY32 -> 0.6408 | BY32: =SEAI!N29 -> 0.6408 | CD32: =SEAI!O29 -> 0.6372 | CI32: =SEAI!P29 -> 0.6372 | CJ32: =SEAI!S29 -> 0.6372 | CK32: 5 | CN32: =BG32 -> MINBIOTLW_S2 | CO32: =BH32 -> Tallow - Me | CP32: COST | CQ32: MEUR2014 | CR32: =BJ32 -> BIOWOO | CS32: €14/GJ | CT32: =SEAI!$L$29 -> 10.277778 | CU32: =SEAI!$L$29 -> 10.277778 | CV32: =SEAI!$L$29 -> 10.277778 | CW32: =SEAI!$L$29 -> 10.277778 | CX32: =SEAI!$L$29 -> 10.277778 | CY32: =SEAI!$L$29 -> 10.277778 | CZ32: =SEAI!$L$29 -> 10.277778 | DA32: =SEAI!$L$29 -> 10.277778 | ... DQ32: =SEAI!$L$29 -> 10.277778 | DR32: 5
A33: RVO - Me | B33: RVO | C33: 3807.4402 | D33: 3933.6956 | E33: 3944.227 | F33: 3958.6509 | G33: 3978.0077 | H33: 4001.8521 | I33: 4029.6509 | J33: 4059.5288 | K33: 4092.5168 | L33: 4125.509 | M33: 4158.5701 | N33: 4191.8504 | O33: 4223.4058 | P33: 4253.4058 | Q33: 4281.9613 | R33: 4309.2476 | S33: 4335.4222 | T33: 4360.5804 | U33: 4385.4394 | V33: 4410.2674 | W33: 4435.2571 | X33: 4460.3938 | Y33: 4485.638 | Z33: 4511.0765 | AA33: 4536.8598 | AB33: 4563 | AD33: 937.378 | AE33: 937.378 | AF33: 937.378 | AG33: 937.378 | AH33: 937.378 | AI33: 937.378 | AJ33: 937.378 | AK33: 937.378 | AL33: 937.378 | AM33: 937.378 | AN33: 937.378 | AO33: 937.378 | AP33: 937.378 | AQ33: 937.378 | AR33: 937.378 | AS33: 937.378 | AT33: 937.378 | AU33: 937.378 | AV33: 937.378 | AW33: 937.378 | AX33: 937.378 | AY33: 937.378 | AZ33: 937.378 | BA33: 937.378 | BB33: 937.378 | BC33: 937.378 | BE33: _S2 | BG33: ="MINBIORVO"&BE33 -> MINBIORVO_S2 | BH33: =A33 -> RVO - Me | BI33: ACT_BND | BJ33: BIORPS | BK33: PJ | BL33: =E33/1000*Conversions!$B$2 -> 0.1651369 | BM33: =F33/1000*Conversions!$B$2 -> 0.1657408 | BN33: =G33/1000*Conversions!$B$2 -> 0.16655123 | BO33: =H33/1000*Conversions!$B$2 -> 0.16754954 | BP33: =I33/1000*Conversions!$B$2 -> 0.16871342 | BQ33: =J33/1000*Conversions!$B$2 -> 0.16996435 | BR33: =K33/1000*Conversions!$B$2 -> 0.17134549 | BS33: =L33/1000*Conversions!$B$2 -> 0.17272681 | ... BV33: =O33/1000*Conversions!$B$2 -> 0.17682556 | BW33: =BX33 -> 0.1872 | BX33: =BY33 -> 0.1872 | BY33: =SEAI!N27 -> 0.1872 | CD33: =SEAI!O27 -> 0.1944 | CI33: =SEAI!P27 -> 0.198 | CJ33: =SEAI!S27 -> 0.216 | CK33: 5 | CN33: =BG33 -> MINBIORVO_S2 | CO33: =BH33 -> RVO - Me | CP33: COST | CQ33: MEUR2014 | CR33: =BJ33 -> BIORPS | CS33: €14/GJ | CT33: =SEAI!$L$27 -> 22.5 | CU33: =SEAI!$L$27 -> 22.5 | CV33: =SEAI!$L$27 -> 22.5 | CW33: =SEAI!$L$27 -> 22.5 | CX33: =SEAI!$L$27 -> 22.5 | CY33: =SEAI!$L$27 -> 22.5 | CZ33: =SEAI!$L$27 -> 22.5 | DA33: =SEAI!$L$27 -> 22.5 | ... DQ33: =SEAI!$L$27 -> 22.5 | DR33: 5
A34: Straw - Me | B34: Straw | C34: 19877.584 | D34: 33297.204 | E34: 42294.06 | F34: 26696.007 | G34: 31695.821 | H34: 30429.33 | I34: 32820.417 | J34: 40315.014 | K34: 43824.729 | L34: 47379.791 | M34: 50770.405 | N34: 53711.995 | O34: 56160.051 | P34: 58363.992 | Q34: 60692.774 | R34: 61828.865 | S34: 60650.339 | T34: 62181.707 | U34: 63899.316 | V34: 65761.301 | W34: 67731.08 | X34: 69770.363 | Y34: 71851.708 | Z34: 73938.4 | AA34: 76009.557 | AB34: 78125.135 | AD34: 177.39401 | AE34: 177.39401 | AF34: 177.39401 | AG34: 177.39401 | AH34: 177.39401 | AI34: 177.39401 | AJ34: 177.39401 | AK34: 177.39401 | AL34: 177.39401 | AM34: 177.39401 | AN34: 177.39401 | AO34: 177.39401 | AP34: 177.39401 | AQ34: 177.39401 | AR34: 177.39401 | AS34: 177.39401 | AT34: 177.39401 | AU34: 177.39401 | AV34: 177.39401 | AW34: 177.39401 | AX34: 177.39401 | AY34: 177.39401 | AZ34: 177.39401 | BA34: 177.39401 | BB34: 177.39401 | BC34: 177.39401 | BE34: _S2 | BG34: ="MINBIOWOO3"&BE34 -> MINBIOWOO3_S2 | BH34: =A34 -> Straw - Me | BI34: ACT_BND | BJ34: BIOWOO | BK34: PJ | BL34: =E34/1000*Conversions!$B$2 -> 1.7707677 | BM34: =F34/1000*Conversions!$B$2 -> 1.1177084 | BN34: =G34/1000*Conversions!$B$2 -> 1.3270406 | BO34: =H34/1000*Conversions!$B$2 -> 1.2740152 | BP34: =I34/1000*Conversions!$B$2 -> 1.3741252 | BQ34: =J34/1000*Conversions!$B$2 -> 1.687909 | BR34: =K34/1000*Conversions!$B$2 -> 1.8348537 | BS34: =L34/1000*Conversions!$B$2 -> 1.9836971 | ... BV34: =O34/1000*Conversions!$B$2 -> 2.351309 | BW34: =BX34 -> 0 | BX34: =BY34 -> 0 | BY34: =SEAI!N15 -> 0 | CD34: =SEAI!O15 -> 0.1332 | CI34: =SEAI!P15 -> 0.1332 | CJ34: =SEAI!S15 -> 0.1332 | CK34: 5 | CN34: =BG34 -> MINBIOWOO3_S2 | CO34: =BH34 -> Straw - Me | CP34: COST | CQ34: MEUR2014 | CR34: =BJ34 -> BIOWOO | CS34: €14/GJ | CT34: =SEAI!$L$15 -> 4.1666667 | CU34: =SEAI!$L$15 -> 4.1666667 | CV34: =SEAI!$L$15 -> 4.1666667 | CW34: =SEAI!$L$15 -> 4.1666667 | CX34: =SEAI!$L$15 -> 4.1666667 | CY34: =SEAI!$L$15 -> 4.1666667 | CZ34: =SEAI!$L$15 -> 4.1666667 | DA34: =SEAI!$L$15 -> 4.1666667 | ... DQ34: =SEAI!$L$15 -> 4.1666667 | DR34: 5
A35: Cattle waste - Me | B35: Cattle | C35: 0 | D35: 0 | E35: 0 | F35: 0 | G35: 0 | H35: 0 | I35: 0 | J35: 0 | K35: 0 | L35: 0 | M35: 0 | N35: 0 | O35: 0 | P35: 0 | Q35: 0 | R35: 0 | S35: 0 | T35: 0 | U35: 0 | V35: 0 | W35: 0 | X35: 0 | Y35: 0 | Z35: 0 | AA35: 0 | AB35: 0 | AD35: 182.68771 | AE35: 182.68771 | AF35: 182.68771 | AG35: 182.68771 | AH35: 182.68771 | AI35: 182.68771 | AJ35: 182.68771 | AK35: 182.68771 | AL35: 182.68771 | AM35: 182.68771 | AN35: 182.68771 | AO35: 182.68771 | AP35: 182.68771 | AQ35: 207.3858 | AR35: 182.68771 | AS35: 182.68771 | AT35: 182.68771 | AU35: 182.68771 | AV35: 182.68771 | AW35: 182.68771 | AX35: 182.68771 | AY35: 182.68771 | AZ35: 182.68771 | BA35: 182.68771 | BB35: 182.68771 | BC35: 182.68771 | BE35: _S2 | BG35: ="MINBIOCATW"&BE35 -> MINBIOCATW_S2 | BH35: =A35 -> Cattle waste - Me | BI35: ACT_BND | BJ35: BIOSLU | BK35: PJ | BL35: =E35/1000*Conversions!$B$2 -> 0 | BM35: =F35/1000*Conversions!$B$2 -> 0 | BN35: =G35/1000*Conversions!$B$2 -> 0 | BO35: =H35/1000*Conversions!$B$2 -> 0 | BP35: =I35/1000*Conversions!$B$2 -> 0 | BQ35: =J35/1000*Conversions!$B$2 -> 0 | BR35: =K35/1000*Conversions!$B$2 -> 0 | BS35: 0 | BT35: 0 | BU35: 0 | BV35: 0 | BW35: 0 | BX35: 0 | BY35: 0 | BZ35: 0 | CA35: 0 | CB35: 0 | CC35: 0 | CD35: 0 | CE35: 0 | CF35: 0 | CG35: 0 | CH35: 0 | CI35: 0 | CJ35: 0 | CK35: 5 | CN35: =BG35 -> MINBIOCATW_S2 | CO35: =BH35 -> Cattle waste - Me | CP35: COST | CQ35: MEUR2014 | CR35: =BJ35 -> BIOSLU | CS35: €14/GJ | CT35: =IF(AF35<0,0.01,AF35/Conversions!$B$3) -> 4.3634211 | CU35: =IF(AG35<0,0.01,AG35/Conversions!$B$3) -> 4.3634211 | CV35: =IF(AH35<0,0.01,AH35/Conversions!$B$3) -> 4.3634211 | CW35: =IF(AI35<0,0.01,AI35/Conversions!$B$3) -> 4.3634211 | CX35: =IF(AJ35<0,0.01,AJ35/Conversions!$B$3) -> 4.3634211 | CY35: =IF(AK35<0,0.01,AK35/Conversions!$B$3) -> 4.3634211 | CZ35: =IF(AL35<0,0.01,AL35/Conversions!$B$3) -> 4.3634211 | DA35: =IF(AM35<0,0.01,AM35/Conversions!$B$3) -> 4.3634211 | ... DQ35: =IF(BC35<0,0.01,BC35/Conversions!$B$3) -> 4.3634211 | DR35: 5
A36: Pig waste - Me | B36: Pig | C36: 0 | D36: 0 | E36: 0 | F36: 0 | G36: 0 | H36: 0 | I36: 0 | J36: 0 | K36: 0 | L36: 0 | M36: 0 | N36: 0 | O36: 0 | P36: 0 | Q36: 0 | R36: 0 | S36: 0 | T36: 0 | U36: 0 | V36: 0 | W36: 0 | X36: 0 | Y36: 0 | Z36: 0 | AA36: 0 | AB36: 0 | AD36: 173.21502 | AE36: 173.21502 | AF36: 173.21502 | AG36: 173.21502 | AH36: 173.21502 | AI36: 173.21502 | AJ36: 173.21502 | AK36: 173.21502 | AL36: 173.21502 | AM36: 173.21502 | AN36: 173.21502 | AO36: 173.21502 | AP36: 173.21502 | AQ36: 173.21502 | AR36: 173.21502 | AS36: 173.21502 | AT36: 173.21502 | AU36: 173.21502 | AV36: 173.21502 | AW36: 173.21502 | AX36: 173.21502 | AY36: 173.21502 | AZ36: 173.21502 | BA36: 173.21502 | BB36: 173.21502 | BC36: 173.21502 | BE36: _S2 | BG36: ="MINBIOPIGW"&BE36 -> MINBIOPIGW_S2 | BH36: =A36 -> Pig waste - Me | BI36: ACT_BND | BJ36: BIOSLU | BK36: PJ | BL36: =E36/1000*Conversions!$B$2 -> 0 | BM36: =F36/1000*Conversions!$B$2 -> 0 | BN36: =G36/1000*Conversions!$B$2 -> 0 | BO36: =H36/1000*Conversions!$B$2 -> 0 | BP36: =I36/1000*Conversions!$B$2 -> 0 | BQ36: =J36/1000*Conversions!$B$2 -> 0 | BR36: =K36/1000*Conversions!$B$2 -> 0 | BS36: 0 | BT36: 0 | BU36: 0 | BV36: 0 | BW36: 0 | BX36: 0 | BY36: 0 | BZ36: 0 | CA36: 0 | CB36: 0 | CC36: 0 | CD36: 0 | CE36: 0 | CF36: 0 | CG36: 0 | CH36: 0 | CI36: 0 | CJ36: 0 | CK36: 5 | CN36: =BG36 -> MINBIOPIGW_S2 | CO36: =BH36 -> Pig waste - Me | CP36: COST | CQ36: MEUR2014 | CR36: =BJ36 -> BIOSLU | CS36: €14/GJ | CT36: =IF(AF36<0,0.01,AF36/Conversions!$B$3) -> 4.1371696 | CU36: =IF(AG36<0,0.01,AG36/Conversions!$B$3) -> 4.1371696 | CV36: =IF(AH36<0,0.01,AH36/Conversions!$B$3) -> 4.1371696 | CW36: =IF(AI36<0,0.01,AI36/Conversions!$B$3) -> 4.1371696 | CX36: =IF(AJ36<0,0.01,AJ36/Conversions!$B$3) -> 4.1371696 | CY36: =IF(AK36<0,0.01,AK36/Conversions!$B$3) -> 4.1371696 | CZ36: =IF(AL36<0,0.01,AL36/Conversions!$B$3) -> 4.1371696 | DA36: =IF(AM36<0,0.01,AM36/Conversions!$B$3) -> 4.1371696 | ... DQ36: =IF(BC36<0,0.01,BC36/Conversions!$B$3) -> 4.1371696 | DR36: 5
A37: BMSW - Me | B37: BMSW | C37: 1548.6248 | D37: 2161.6571 | E37: 2437.8994 | F37: 3048.3155 | G37: 3131.5353 | H37: 3273.7322 | I37: 3528.3872 | J37: 3655.7679 | K37: 3762.5024 | L37: 3868.835 | M37: 3974.5839 | N37: 4057.2622 | O37: 4120.5291 | P37: 4185.0806 | Q37: 4243.8531 | R37: 4312.3095 | S37: 4383.1647 | T37: 4455.1639 | U37: 4528.3252 | V37: 4602.6667 | W37: 4678.207 | X37: 4754.9836 | Y37: 4833.0168 | Z37: 4912.3271 | AA37: 4992.9352 | AB37: 5074.8625 | AD37: -728.13913 | AE37: -728.13913 | AF37: -728.13913 | AG37: -728.13913 | AH37: -728.13913 | AI37: -728.13913 | AJ37: -728.13913 | AK37: -728.13913 | AL37: -728.13913 | AM37: -728.13913 | AN37: -728.13913 | AO37: -728.13913 | AP37: -728.13913 | AQ37: -728.13913 | AR37: -728.13913 | AS37: -728.13913 | AT37: -728.13913 | AU37: -728.13913 | AV37: -728.13913 | AW37: -728.13913 | AX37: -728.13913 | AY37: -728.13913 | AZ37: -728.13913 | BA37: -728.13913 | BB37: -728.13913 | BC37: -728.13913 | BE37: _S2 | BG37: ="MINBIOMSW2"&BE37 -> MINBIOMSW2_S2 | BH37: =A37 -> BMSW - Me | BI37: ACT_BND | BJ37: BIOMUN | BK37: PJ | BL37: =E37/1000*Conversions!$B$2 -> 0.10206997 | BM37: =F37/1000*Conversions!$B$2 -> 0.12762688 | BN37: =G37/1000*Conversions!$B$2 -> 0.13111112 | BO37: =H37/1000*Conversions!$B$2 -> 0.13706462 | BP37: =I37/1000*Conversions!$B$2 -> 0.14772652 | BQ37: =J37/1000*Conversions!$B$2 -> 0.15305969 | BR37: 8 | BS37: 8 | BT37: 8 | BU37: 8 | BV37: 8 | BW37: 8 | BX37: 8 | BY37: 8 | BZ37: 8 | CA37: 8 | CB37: 8 | CC37: 8 | CD37: 8 | CE37: 8 | CF37: 8 | CG37: 8 | CH37: 8 | CI37: 8 | CJ37: 8 | CK37: 5 | CN37: =BG37 -> MINBIOMSW2_S2 | CO37: =BH37 -> BMSW - Me | CP37: COST | CQ37: MEUR2014 | CR37: =BJ37 -> BIOMUN | CS37: €14/GJ | CT37: =IF(AF37<0,0.01,AF37/Conversions!$B$3) -> 0.01 | CU37: =IF(AG37<0,0.01,AG37/Conversions!$B$3) -> 0.01 | CV37: =IF(AH37<0,0.01,AH37/Conversions!$B$3) -> 0.01 | CW37: =IF(AI37<0,0.01,AI37/Conversions!$B$3) -> 0.01 | CX37: =IF(AJ37<0,0.01,AJ37/Conversions!$B$3) -> 0.01 | CY37: =IF(AK37<0,0.01,AK37/Conversions!$B$3) -> 0.01 | CZ37: =IF(AL37<0,0.01,AL37/Conversions!$B$3) -> 0.01 | DA37: =IF(AM37<0,0.01,AM37/Conversions!$B$3) -> 0.01 | ... DQ37: =IF(BC37<0,0.01,BC37/Conversions!$B$3) -> 0.01 | DR37: 5
A38: Willow - Me | B38: Willow | C38: 0 | D38: 0 | E38: 0 | F38: 0 | G38: 0 | H38: 0 | I38: 0 | J38: 0 | K38: 0 | L38: 0 | M38: 1936.2441 | N38: 3920.8942 | O38: 6177.2237 | P38: 8737.256 | Q38: 11636.642 | R38: 14915.063 | S38: 18616.671 | T38: 22790.589 | U38: 27491.454 | V38: 32780.025 | W38: 38723.857 | X38: 45398.046 | Y38: 52886.056 | Z38: 61280.635 | AA38: 70684.833 | AB38: 71436.799 | AD38: 251.208 | AE38: 251.208 | AF38: 251.208 | AG38: 251.208 | AH38: 251.208 | AI38: 251.208 | AJ38: 251.208 | AK38: 251.208 | AL38: 251.208 | AM38: 251.208 | AN38: 251.208 | AO38: 251.208 | AP38: 251.208 | AQ38: 251.208 | AR38: 251.208 | AS38: 251.208 | AT38: 251.208 | AU38: 251.208 | AV38: 251.208 | AW38: 251.208 | AX38: 251.208 | AY38: 251.208 | AZ38: 251.208 | BA38: 251.208 | BB38: 251.208 | BC38: 251.208 | BE38: 2 | BG38: ABIOCRP42 | BH38: =A38 -> Willow - Me | BI38: ACT_BND | BJ38: BIOWOO | BK38: PJ | BL38: =E38/1000*Conversions!$B$2 -> 0 | BM38: =F38/1000*Conversions!$B$2 -> 0 | BN38: =G38/1000*Conversions!$B$2 -> 0 | BO38: =H38/1000*Conversions!$B$2 -> 0 | BP38: =I38/1000*Conversions!$B$2 -> 0 | BQ38: =J38/1000*Conversions!$B$2 -> 0 | BR38: =K38/1000*Conversions!$B$2 -> 0 | BS38: =L38/1000*Conversions!$B$2 -> 0 | ... BV38: =O38/1000*Conversions!$B$2 -> 0.258628 | BW38: =BX38 -> 0 | BX38: =BY38 -> 0 | BY38: =SEAI!N65 -> 0 | CD38: =SEAI!O65 -> 0 | CI38: =SEAI!P65 -> 4.1724 | CJ38: =SEAI!S65 -> 9.1476 | CK38: 5 | CN38: ABIOCRP41 | CO38: =BH38 -> Willow - Me | CP38: ACTCOST | CQ38: MEUR2014 | CR38: =BJ38 -> BIOWOO | CS38: €14/GJ | CT38: =SEAI!$L$65 -> 7.1111111 | CU38: =SEAI!$L$65 -> 7.1111111 | CV38: =SEAI!$L$65 -> 7.1111111 | CW38: =SEAI!$L$65 -> 7.1111111 | CX38: =SEAI!$L$65 -> 7.1111111 | CY38: =SEAI!$L$65 -> 7.1111111 | CZ38: =SEAI!$L$65 -> 7.1111111 | DA38: =SEAI!$L$65 -> 7.1111111 | ... DQ38: =SEAI!$L$65 -> 7.1111111 | DR38: 5
A39: Miscanthus - Me | B39: Miscanthus | C39: 0 | D39: 0 | E39: 0 | F39: 0 | G39: 0 | H39: 0 | I39: 0 | J39: 0 | K39: 0 | L39: 0 | M39: 242.03051 | N39: 735.16767 | O39: 1314.8307 | P39: 1992.5313 | Q39: 2781.1574 | R39: 3695.1303 | S39: 4750.5774 | T39: 5965.5257 | U39: 7360.1158 | V39: 8956.8392 | W39: 10780.802 | X39: 12860.017 | Y39: 15225.731 | Z39: 17912.781 | AA39: 20959.996 | AB39: 21182.975 | AD39: 251.208 | AE39: 251.208 | AF39: 251.208 | AG39: 251.208 | AH39: 251.208 | AI39: 251.208 | AJ39: 251.208 | AK39: 251.208 | AL39: 251.208 | AM39: 251.208 | AN39: 251.208 | AO39: 251.208 | AP39: 251.208 | AQ39: 251.208 | AR39: 251.208 | AS39: 251.208 | AT39: 251.208 | AU39: 251.208 | AV39: 251.208 | AW39: 251.208 | AX39: 251.208 | AY39: 251.208 | AZ39: 251.208 | BA39: 251.208 | BB39: 251.208 | BC39: 251.208 | BE39: 2 | BG39: ="ABIOCRP3"&BE39 -> ABIOCRP32 | BH39: =A39 -> Miscanthus - Me | BI39: ACT_BND | BJ39: BIOWOO | BK39: PJ | BL39: =E39/1000*Conversions!$B$2 -> 0 | BM39: =F39/1000*Conversions!$B$2 -> 0 | BN39: =G39/1000*Conversions!$B$2 -> 0 | BO39: =H39/1000*Conversions!$B$2 -> 0 | BP39: =I39/1000*Conversions!$B$2 -> 0 | BQ39: =J39/1000*Conversions!$B$2 -> 0 | BR39: =K39/1000*Conversions!$B$2 -> 0 | BS39: =L39/1000*Conversions!$B$2 -> 0 | BT39: 0 | BU39: 0 | BV39: 0 | BW39: 0 | BX39: 0 | BY39: 0 | BZ39: 0 | CA39: 0 | CB39: 0 | CC39: 0 | CD39: 0 | CE39: 0 | CF39: 0 | CG39: 0 | CH39: 0 | CI39: 0 | CJ39: 0 | CK39: 5 | CN39: =BG39 -> ABIOCRP32 | CO39: =BH39 -> Miscanthus - Me | CP39: ACTCOST | CQ39: MEUR2014 | CR39: =BJ39 -> BIOWOO | CS39: €14/GJ | CT39: =IF(AF39<0,0.01,AF39/Conversions!$B$3) -> 6 | CU39: =IF(AG39<0,0.01,AG39/Conversions!$B$3) -> 6 | CV39: =IF(AH39<0,0.01,AH39/Conversions!$B$3) -> 6 | CW39: =IF(AI39<0,0.01,AI39/Conversions!$B$3) -> 6 | CX39: =IF(AJ39<0,0.01,AJ39/Conversions!$B$3) -> 6 | CY39: =IF(AK39<0,0.01,AK39/Conversions!$B$3) -> 6 | CZ39: =IF(AL39<0,0.01,AL39/Conversions!$B$3) -> 6 | DA39: =IF(AM39<0,0.01,AM39/Conversions!$B$3) -> 6 | ... DQ39: =IF(BC39<0,0.01,BC39/Conversions!$B$3) -> 6 | DR39: 5
A40: Wheat - Me | B40: Wheat | C40: 0 | D40: 0 | E40: 0 | F40: 0 | G40: 0 | H40: 0 | I40: 2613.3609 | J40: 5264.0367 | K40: 7957.7531 | L40: 10687.702 | M40: 13447.109 | N40: 13542.185 | O40: 13637.262 | P40: 13732.338 | Q40: 13827.414 | R40: 13922.49 | S40: 14017.566 | T40: 14112.642 | U40: 14207.718 | V40: 14302.795 | W40: 14397.871 | X40: 14492.947 | Y40: 14588.023 | Z40: 14683.099 | AA40: 14778.175 | AB40: 14873.251 | AD40: 955.49774 | AE40: 955.49774 | AF40: 955.49774 | AG40: 955.49774 | AH40: 955.49774 | AI40: 955.49774 | AJ40: 955.49774 | AK40: 955.49774 | AL40: 955.49774 | AM40: 955.49774 | AN40: 955.49774 | AO40: 955.49774 | AP40: 955.49774 | AQ40: 955.49774 | AR40: 955.49774 | AS40: 955.49774 | AT40: 955.49774 | AU40: 955.49774 | AV40: 955.49774 | AW40: 955.49774 | AX40: 955.49774 | AY40: 955.49774 | AZ40: 955.49774 | BA40: 955.49774 | BB40: 955.49774 | BC40: 955.49774 | BE40: 2 | BG40: ="ABIOCRP1"&BE40 -> ABIOCRP12 | BH40: =A40 -> Wheat - Me | BI40: ACT_BND | BJ40: BIOCRP1 | BK40: PJ | BL40: =E40/1000*Conversions!$B$2 -> 0 | BM40: =F40/1000*Conversions!$B$2 -> 0 | BN40: =G40/1000*Conversions!$B$2 -> 0 | BO40: =H40/1000*Conversions!$B$2 -> 0 | BP40: =I40/1000*Conversions!$B$2 -> 0.1094162 | BQ40: =J40/1000*Conversions!$B$2 -> 0.22039469 | BR40: =K40/1000*Conversions!$B$2 -> 0.33317521 | BS40: =L40/1000*Conversions!$B$2 -> 0.44747272 | BT40: 0 | BU40: 0 | BV40: 0 | BW40: 0 | BX40: 0 | BY40: 0 | BZ40: 0 | CA40: 0 | CB40: 0 | CC40: 0 | CD40: 0 | CE40: 0 | CF40: 0 | CG40: 0 | CH40: 0 | CI40: 0 | CJ40: 0 | CK40: 5 | CN40: =BG40 -> ABIOCRP12 | CO40: =BH40 -> Wheat - Me | CP40: ACTCOST | CQ40: MEUR2014 | CR40: =BJ40 -> BIOCRP1 | CS40: €14/GJ | CT40: =IF(AF40<0,0.01,AF40/Conversions!$B$3) -> 22.821671 | CU40: =IF(AG40<0,0.01,AG40/Conversions!$B$3) -> 22.821671 | CV40: =IF(AH40<0,0.01,AH40/Conversions!$B$3) -> 22.821671 | CW40: =IF(AI40<0,0.01,AI40/Conversions!$B$3) -> 22.821671 | CX40: =IF(AJ40<0,0.01,AJ40/Conversions!$B$3) -> 22.821671 | CY40: =IF(AK40<0,0.01,AK40/Conversions!$B$3) -> 22.821671 | CZ40: =IF(AL40<0,0.01,AL40/Conversions!$B$3) -> 22.821671 | DA40: =IF(AM40<0,0.01,AM40/Conversions!$B$3) -> 22.821671 | ... DQ40: =IF(BC40<0,0.01,BC40/Conversions!$B$3) -> 22.821671 | DR40: 5
A41: OSR - Me | B41: OSR | C41: 1674.9143 | D41: 4003.7151 | E41: 5980.6821 | F41: 7841.9871 | G41: 3952.3615 | H41: 2987.9853 | I41: 8031.7045 | J41: 13661.929 | K41: 19381.724 | L41: 25192.16 | M41: 31042.5 | N41: 31290.84 | O41: 31541.167 | P41: 31793.496 | Q41: 32047.844 | R41: 32304.227 | S41: 32562.66 | T41: 32823.162 | U41: 33085.747 | V41: 33350.433 | W41: 33617.236 | X41: 33884.04 | Y41: 34150.843 | Z41: 34417.647 | AA41: 34684.45 | AB41: 34951.254 | AD41: 1336.0445 | AE41: 1336.0445 | AF41: 1336.0445 | AG41: 1336.0445 | AH41: 1336.0445 | AI41: 1336.0445 | AJ41: 1336.0445 | AK41: 1336.0445 | AL41: 1336.0445 | AM41: 1336.0445 | AN41: 1336.0445 | AO41: 1336.0445 | AP41: 1336.0445 | AQ41: 1336.0445 | AR41: 1336.0445 | AS41: 1336.0445 | AT41: 1336.0445 | AU41: 1336.0445 | AV41: 1336.0445 | AW41: 1336.0445 | AX41: 1336.0445 | AY41: 1336.0445 | AZ41: 1336.0445 | BA41: 1336.0445 | BB41: 1336.0445 | BC41: 1336.0445 | BE41: 2 | BG41: ="ABIOCRP2"&BE41 -> ABIOCRP22 | BH41: =A41 -> OSR - Me | BI41: ACT_BND | BJ41: BIORPS | BK41: PJ | BL41: =E41/1000*Conversions!$B$2 -> 0.2503992 | BM41: =F41/1000*Conversions!$B$2 -> 0.32832832 | BN41: =G41/1000*Conversions!$B$2 -> 0.16547747 | BO41: =H41/1000*Conversions!$B$2 -> 0.12510097 | BP41: =I41/1000*Conversions!$B$2 -> 0.3362714 | BQ41: =J41/1000*Conversions!$B$2 -> 0.57199766 | BR41: =K41/1000*Conversions!$B$2 -> 0.81147401 | BS41: =L41/1000*Conversions!$B$2 -> 1.0547454 | BT41: 0 | BU41: 0 | BV41: 0 | BW41: 0 | BX41: 0 | BY41: 0 | BZ41: 0 | CA41: 0 | CB41: 0 | CC41: 0 | CD41: 0 | CE41: 0 | CF41: 0 | CG41: 0 | CH41: 0 | CI41: 0 | CJ41: 0 | CK41: 5 | CN41: =BG41 -> ABIOCRP22 | CO41: =BH41 -> OSR - Me | CP41: ACTCOST | CQ41: MEUR2014 | CR41: =BJ41 -> BIORPS | CS41: €14/GJ | CT41: =IF(AF41<0,0.01,AF41/Conversions!$B$3) -> 31.910874 | CU41: =IF(AG41<0,0.01,AG41/Conversions!$B$3) -> 31.910874 | CV41: =IF(AH41<0,0.01,AH41/Conversions!$B$3) -> 31.910874 | CW41: =IF(AI41<0,0.01,AI41/Conversions!$B$3) -> 31.910874 | CX41: =IF(AJ41<0,0.01,AJ41/Conversions!$B$3) -> 31.910874 | CY41: =IF(AK41<0,0.01,AK41/Conversions!$B$3) -> 31.910874 | CZ41: =IF(AL41<0,0.01,AL41/Conversions!$B$3) -> 31.910874 | DA41: =IF(AM41<0,0.01,AM41/Conversions!$B$3) -> 31.910874 | ... DQ41: =IF(BC41<0,0.01,BC41/Conversions!$B$3) -> 31.910874 | DR41: 5
A42: Crops Anaerobic - Me | B42: Anaerobic | C42: 0 | D42: 0 | E42: 0 | F42: 0 | G42: 0 | H42: 0 | I42: 27433.453 | J42: 39468.076 | K42: 52109.123 | L42: 65356.593 | M42: 79210.487 | N42: 87426.085 | O42: 95944.894 | P42: 104766.92 | Q42: 111658.97 | R42: 123320.59 | S42: 135386.5 | T42: 143087.12 | U42: 153425.2 | V42: 156608.92 | W42: 159792.65 | X42: 162976.37 | Y42: 166160.1 | Z42: 169343.82 | AA42: 172527.55 | AB42: 175711.27 | AD42: 255.16292 | AE42: 255.16292 | AF42: 255.16292 | AG42: 255.16292 | AH42: 255.16292 | AI42: 255.16292 | AJ42: 255.16292 | AK42: 255.16292 | AL42: 255.16292 | AM42: 255.16292 | AN42: 255.16292 | AO42: 255.16292 | AP42: 255.16292 | AQ42: 255.16292 | AR42: 255.16292 | AS42: 255.16292 | AT42: 255.16292 | AU42: 255.16292 | AV42: 255.16292 | AW42: 255.16292 | AX42: 255.16292 | AY42: 255.16292 | AZ42: 255.16292 | BA42: 255.16292 | BB42: 255.16292 | BC42: 255.16292 | BE42: 2 | BG42: ="ABIOGAS1"&BE42 -> ABIOGAS12 | BH42: =A42 -> Crops Anaerobic - Me | BI42: ACT_BND | BJ42: BIOGAS | BK42: PJ | BL42: =E42/1000*Conversions!$B$2 -> 0 | BM42: =F42/1000*Conversions!$B$2 -> 0 | BN42: =G42/1000*Conversions!$B$2 -> 0 | BO42: =H42/1000*Conversions!$B$2 -> 0 | BP42: =I42/1000*Conversions!$B$2 -> 1.1485838 | BQ42: =J42/1000*Conversions!$B$2 -> 1.6524494 | BR42: =K42/1000*Conversions!$B$2 -> 2.1817048 | BS42: =L42/1000*Conversions!$B$2 -> 2.7363498 | ... BV42: =O42/1000*Conversions!$B$2 -> 4.0170208 | BW42: =BX42 -> 1.9368 | BX42: =BY42 -> 1.9368 | BY42: =SEAI!N49 -> 1.9368 | CD42: =SEAI!O49 -> 5.1624 | CI42: =SEAI!P49 -> 5.1624 | CJ42: =SEAI!S49 -> 5.1624 | CK42: 5 | CN42: =BG42 -> ABIOGAS12 | CO42: =BH42 -> Crops Anaerobic - Me | CP42: ACTCOST | CQ42: MEUR2014 | CR42: =BJ42 -> BIOGAS | CS42: €14/GJ | CT42: =SEAI!$L$49 -> 15.305556 | CU42: =SEAI!$L$49 -> 15.305556 | CV42: =SEAI!$L$49 -> 15.305556 | CW42: =SEAI!$L$49 -> 15.305556 | CX42: =SEAI!$L$49 -> 15.305556 | CY42: =SEAI!$L$49 -> 15.305556 | CZ42: =SEAI!$L$49 -> 15.305556 | DA42: =SEAI!$L$49 -> 15.305556 | ... DQ42: =SEAI!$L$49 -> 15.305556 | DR42: 5
A43: Industrial Food - Me | B43: IndFood | C43: 0 | D43: 0 | E43: 0 | F43: 0 | G43: 0 | H43: 0 | I43: 0 | J43: 0 | K43: 0 | L43: 0 | M43: 0 | N43: 0 | O43: 0 | P43: 0 | Q43: 0 | R43: 0 | S43: 0 | T43: 0 | U43: 0 | V43: 0 | W43: 0 | X43: 0 | Y43: 0 | Z43: 0 | AA43: 0 | AB43: 0 | AD43: 0 | AE43: 0 | AF43: 0 | AG43: 0 | AH43: 0 | AI43: 0 | AJ43: 0 | AK43: 0 | AL43: 0 | AM43: 0 | AN43: 0 | AO43: 0 | AP43: 0 | AQ43: 0 | AR43: 0 | AS43: 0 | AT43: 0 | AU43: 0 | AV43: 0 | AW43: 0 | AX43: 0 | AY43: 0 | AZ43: 0 | BA43: 0 | BB43: 0 | BC43: 0 | BE43: _S2 | BG43: ="MINBIOINDF"&BE43 -> MINBIOINDF_S2 | BH43: =A43 -> Industrial Food - Me | BI43: ACT_BND | BJ43: BIOSLU | BK43: PJ | BL43: =E43/1000*Conversions!$B$2 -> 0 | BM43: =F43/1000*Conversions!$B$2 -> 0 | BN43: =G43/1000*Conversions!$B$2 -> 0 | BO43: =H43/1000*Conversions!$B$2 -> 0 | BP43: =I43/1000*Conversions!$B$2 -> 0 | BQ43: =J43/1000*Conversions!$B$2 -> 0 | BR43: =K43/1000*Conversions!$B$2 -> 0 | BS43: =L43/1000*Conversions!$B$2 -> 0 | BT43: 0 | BU43: 0 | BV43: 0 | BW43: 0 | BX43: 0 | BY43: 0 | BZ43: 0 | CA43: 0 | CB43: 0 | CC43: 0 | CD43: 0 | CE43: 0 | CF43: 0 | CG43: 0 | CH43: 0 | CI43: 0 | CJ43: 0 | CK43: 5 | CN43: =BG43 -> MINBIOINDF_S2 | CO43: =BH43 -> Industrial Food - Me | CP43: COST | CQ43: MEUR2014 | CR43: =BJ43 -> BIOSLU | CS43: €14/GJ | CT43: =IF(AF43<0,0.01,AF43/Conversions!$B$3) -> 0 | CU43: =IF(AG43<0,0.01,AG43/Conversions!$B$3) -> 0 | CV43: =IF(AH43<0,0.01,AH43/Conversions!$B$3) -> 0 | CW43: =IF(AI43<0,0.01,AI43/Conversions!$B$3) -> 0 | CX43: =IF(AJ43<0,0.01,AJ43/Conversions!$B$3) -> 0 | CY43: =IF(AK43<0,0.01,AK43/Conversions!$B$3) -> 0 | CZ43: =IF(AL43<0,0.01,AL43/Conversions!$B$3) -> 0 | DA43: =IF(AM43<0,0.01,AM43/Conversions!$B$3) -> 0 | ... DQ43: =IF(BC43<0,0.01,BC43/Conversions!$B$3) -> 0 | DR43: 5
A45: Resource at high price | AD45: High Price
A46: Feedstock | B46: Sheet Name | C46: Total Available for Bioenergy use (toe) | AD46: Feestock price (€/toe)
C47: 2010 | D47: 2011 | E47: 2012 | F47: 2013 | G47: 2014 | H47: 2015 | I47: 2016 | J47: 2017 | K47: 2018 | L47: 2019 | M47: 2020 | N47: 2021 | O47: 2022 | P47: 2023 | Q47: 2024 | R47: 2025 | S47: 2026 | T47: 2027 | U47: 2028 | V47: 2029 | W47: 2030 | X47: 2031 | Y47: 2032 | Z47: 2033 | AA47: 2034 | AB47: 2035 | AD47: 2010 | AE47: 2011 | AF47: 2012 | AG47: 2013 | AH47: 2014 | AI47: 2015 | AJ47: 2016 | AK47: 2017 | AL47: 2018 | AM47: 2019 | AN47: 2020 | AO47: 2021 | AP47: 2022 | AQ47: 2023 | AR47: 2024 | AS47: 2025 | AT47: 2026 | AU47: 2027 | AV47: 2028 | AW47: 2029 | AX47: 2030 | AY47: 2031 | AZ47: 2032 | BA47: 2033 | BB47: 2034 | BC47: 2035 | BG47: Potentials at high price
BG48: TFM_INS-TS | CN48: TFM_INS-TS
BG49: Pset_PN | BH49: *Description | BI49: Attribute | BJ49: *Output | BK49: *Unit | BL49: 2012 | BM49: 2013 | BN49: 2014 | BO49: 2015 | BP49: 2016 | BQ49: 2017 | BR49: 2018 | BS49: 2019 | BT49: 2020 | BU49: 2021 | BV49: 2022 | BW49: 2023 | BX49: 2024 | BY49: 2025 | BZ49: 2026 | CA49: 2027 | CB49: 2028 | CC49: 2029 | CD49: 2030 | CE49: 2031 | CF49: 2032 | CG49: 2033 | CH49: 2034 | CI49: 2035 | CJ49: 2050 | CK49: 0 | CN49: Pset_PN | CO49: *Description | CP49: Attribute | CQ49: Curr | CR49: *Output | CS49: *Unit | CT49: 2012 | CU49: 2013 | CV49: 2014 | CW49: 2015 | CX49: 2016 | CY49: 2017 | CZ49: 2018 | DA49: 2019 | DB49: 2020 | DC49: 2021 | DD49: 2022 | DE49: 2023 | DF49: 2024 | DG49: 2025 | DH49: 2026 | DI49: 2027 | DJ49: 2028 | DK49: 2029 | DL49: 2030 | DM49: 2031 | DN49: 2032 | DO49: 2033 | DP49: 2034 | DQ49: 2035 | DR49: 0
A50: Forest thinnings - Hi | B50: Forest | C50: 7073.8124 | D50: 7190.7349 | E50: 7045.8981 | F50: 7186.1266 | G50: 7628.6282 | H50: 4967.9398 | I50: 2307.2514 | J50: 2307.2514 | K50: 2307.2514 | L50: 2884.0642 | M50: 2801.6624 | N50: 2818.1427 | O50: 2669.8194 | P50: 2731.6208 | Q50: 2439.0943 | R50: 2286.6509 | S50: 2076.5262 | T50: 1928.2029 | U50: 1680.9974 | V50: 1495.5933 | W50: 1359.6303 | X50: 2472.055 | Y50: 2307.2514 | Z50: 2224.8495 | AA50: 2142.4477 | AB50: 2142.4477 | AD50: 334.944 | AE50: 334.944 | AF50: 334.944 | AG50: 334.944 | AH50: 334.944 | AI50: 334.944 | AJ50: 334.944 | AK50: 334.944 | AL50: 334.944 | AM50: 334.944 | AN50: 334.944 | AO50: 334.944 | AP50: 334.944 | AQ50: 334.944 | AR50: 334.944 | AS50: 334.944 | AT50: 334.944 | AU50: 334.944 | AV50: 334.944 | AW50: 334.944 | AX50: 334.944 | AY50: 334.944 | AZ50: 334.944 | BA50: 334.944 | BB50: 334.944 | BC50: 334.944 | BE50: 3 | BG50: ="ABIOFRSR"&BE50 -> ABIOFRSR3 | BH50: =A50 -> Forest thinnings - Hi | BI50: ACT_BND | BJ50: BIOWOO | BK50: PJ | BL50: =E50/1000*Conversions!$B$2 -> 0.29499766 | BM50: =F50/1000*Conversions!$B$2 -> 0.30086875 | BN50: =G50/1000*Conversions!$B$2 -> 0.31939541 | BO50: =H50/1000*Conversions!$B$2 -> 0.2079977 | BP50: =I50/1000*Conversions!$B$2 -> 0.0966 | BQ50: =J50/1000*Conversions!$B$2 -> 0.0966 | BR50: =K50/1000*Conversions!$B$2 -> 0.0966 | BS50: =L50/1000*Conversions!$B$2 -> 0.12075 | ... BX50: =Q50/1000*Conversions!$B$2 -> 0.10212 | BY50: =SEAI!N10 -> 0.2232 | CD50: =SEAI!O10 -> 0.1548 | CI50: =SEAI!P10 -> 0.0792 | CJ50: =SEAI!S10 -> 0.0396 | CK50: 5 | CN50: =BG50 -> ABIOFRSR3 | CO50: =BH50 -> Forest thinnings - Hi | CP50: ACTCOST | CQ50: MEUR2014 | CR50: =BJ50 -> BIOWOO | CS50: €14/GJ | CT50: =SEAI!$L$10 -> 8.0555556 | CU50: =SEAI!$L$10 -> 8.0555556 | CV50: =SEAI!$L$10 -> 8.0555556 | CW50: =SEAI!$L$10 -> 8.0555556 | CX50: =SEAI!$L$10 -> 8.0555556 | CY50: =SEAI!$L$10 -> 8.0555556 | CZ50: =SEAI!$L$10 -> 8.0555556 | DA50: =SEAI!$L$10 -> 8.0555556 | ... DQ50: =SEAI!$L$10 -> 8.0555556 | DR50: 5
A51: Sawmill residues - Hi | B51: Sawmill | C51: 0 | D51: 0 | E51: 0 | F51: 0 | G51: 0 | H51: 0 | I51: 0 | J51: 0 | K51: 0 | L51: 0 | M51: 0 | N51: 0 | O51: 0 | P51: 0 | Q51: 0 | R51: 0 | S51: 0 | T51: 0 | U51: 0 | V51: 0 | W51: 0 | X51: 0 | Y51: 0 | Z51: 0 | AA51: 0 | AB51: 0 | AD51: 376.812 | AE51: 376.812 | AF51: 376.812 | AG51: 376.812 | AH51: 376.812 | AI51: 376.812 | AJ51: 376.812 | AK51: 376.812 | AL51: 376.812 | AM51: 376.812 | AN51: 376.812 | AO51: 376.812 | AP51: 376.812 | AQ51: 376.812 | AR51: 376.812 | AS51: 376.812 | AT51: 376.812 | AU51: 376.812 | AV51: 376.812 | AW51: 376.812 | AX51: 376.812 | AY51: 376.812 | AZ51: 376.812 | BA51: 376.812 | BB51: 376.812 | BC51: 376.812 | BE51: _S3 | BG51: ="MINBIOWOO1"&BE51 -> MINBIOWOO1_S3 | BH51: =A51 -> Sawmill residues - Hi | BI51: ACT_BND | BJ51: BIOWOO | BK51: PJ | BL51: =E51/1000*Conversions!$B$2 -> 0 | BM51: =F51/1000*Conversions!$B$2 -> 0 | BN51: =G51/1000*Conversions!$B$2 -> 0 | BO51: =H51/1000*Conversions!$B$2 -> 0 | BP51: =I51/1000*Conversions!$B$2 -> 0 | BQ51: =J51/1000*Conversions!$B$2 -> 0 | BR51: =K51/1000*Conversions!$B$2 -> 0 | BS51: =L51/1000*Conversions!$B$2 -> 0 | BT51: 0 | BU51: 0 | BV51: 0 | BW51: 0 | BX51: 0 | BY51: 0 | BZ51: 0 | CA51: 0 | CB51: 0 | CC51: 0 | CD51: 0 | CE51: 0 | CF51: 0 | CG51: 0 | CH51: 0 | CI51: 0 | CJ51: 0 | CK51: 5 | CN51: =BG51 -> MINBIOWOO1_S3 | CO51: =BH51 -> Sawmill residues - Hi | CP51: COST | CQ51: MEUR2014 | CR51: =BJ51 -> BIOWOO | CS51: €14/GJ | CT51: =IF(AF51<0,0.01,AF51/Conversions!$B$3) -> 9 | CU51: =IF(AG51<0,0.01,AG51/Conversions!$B$3) -> 9 | CV51: =IF(AH51<0,0.01,AH51/Conversions!$B$3) -> 9 | CW51: =IF(AI51<0,0.01,AI51/Conversions!$B$3) -> 9 | CX51: =IF(AJ51<0,0.01,AJ51/Conversions!$B$3) -> 9 | CY51: =IF(AK51<0,0.01,AK51/Conversions!$B$3) -> 9 | CZ51: =IF(AL51<0,0.01,AL51/Conversions!$B$3) -> 9 | DA51: =IF(AM51<0,0.01,AM51/Conversions!$B$3) -> 9 | ... DQ51: =IF(BC51<0,0.01,BC51/Conversions!$B$3) -> 9 | DR51: 5
A52: PCRW - Hi | B52: PCRW | C52: 5687.5251 | D52: 5476.6874 | E52: 5265.8498 | F52: 5621.2355 | G52: 5662.1727 | H52: 5808.2013 | I52: 5955.9867 | J52: 6134.0081 | K52: 6307.409 | L52: 6479.8462 | M52: 6651.0207 | N52: 6783.3418 | O52: 6883.0271 | P52: 6984.7055 | Q52: 7076.5944 | R52: 7184.4829 | S52: 7296.2039 | T52: 7409.6621 | U52: 7524.8847 | V52: 7641.899 | W52: 7760.7329 | X52: 7881.4147 | Y52: 8003.9732 | Z52: 8128.4374 | AA52: 8254.8372 | AB52: 8383.2025 | AD52: 220.73265 | AE52: 220.73265 | AF52: 220.73265 | AG52: 220.73265 | AH52: 220.73265 | AI52: 220.73265 | AJ52: 220.73265 | AK52: 220.73265 | AL52: 220.73265 | AM52: 220.73265 | AN52: 220.73265 | AO52: 220.73265 | AP52: 220.73265 | AQ52: 220.73265 | AR52: 220.73265 | AS52: 220.73265 | AT52: 220.73265 | AU52: 220.73265 | AV52: 220.73265 | AW52: 220.73265 | AX52: 220.73265 | AY52: 220.73265 | AZ52: 220.73265 | BA52: 220.73265 | BB52: 220.73265 | BC52: 220.73265 | BE52: _S3 | BG52: ="MINBIOWOO2"&BE52 -> MINBIOWOO2_S3 | BH52: =A52 -> PCRW - Hi | BI52: ACT_BND | BJ52: BIOWOO | BK52: PJ | BL52: =E52/1000*Conversions!$B$2 -> 0.2204706 | BM52: =F52/1000*Conversions!$B$2 -> 0.23534989 | BN52: =G52/1000*Conversions!$B$2 -> 0.23706385 | BO52: =H52/1000*Conversions!$B$2 -> 0.24317777 | BP52: =I52/1000*Conversions!$B$2 -> 0.24936525 | BQ52: =J52/1000*Conversions!$B$2 -> 0.25681865 | BR52: =K52/1000*Conversions!$B$2 -> 0.2640786 | BS52: =L52/1000*Conversions!$B$2 -> 0.2712982 | ... BV52: =O52/1000*Conversions!$B$2 -> 0.28817858 | BW52: =BX52 -> 0.306 | BX52: =BY52 -> 0.306 | BY52: =SEAI!N19 -> 0.306 | CD52: =SEAI!O19 -> 0.3456 | CI52: =SEAI!P19 -> 0.3852 | CJ52: =SEAI!S19 -> 0.4392 | CK52: 5 | CN52: =BG52 -> MINBIOWOO2_S3 | CO52: =BH52 -> PCRW - Hi | CP52: COST | CQ52: MEUR2014 | CR52: =BJ52 -> BIOWOO | CS52: €14/GJ | CT52: =SEAI!$L$19 -> 1.1111111 | CU52: =SEAI!$L$19 -> 1.1111111 | CV52: =SEAI!$L$19 -> 1.1111111 | CW52: =SEAI!$L$19 -> 1.1111111 | CX52: =SEAI!$L$19 -> 1.1111111 | CY52: =SEAI!$L$19 -> 1.1111111 | CZ52: =SEAI!$L$19 -> 1.1111111 | DA52: =SEAI!$L$19 -> 1.1111111 | ... DQ52: =SEAI!$L$19 -> 1.1111111 | DR52: 5
A53: Solid BMSW - Hi | B53: SolidBMSW | C53: 48521.693 | D53: 39672.786 | E53: 0 | F53: 0 | G53: 0 | H53: 0 | I53: 0 | J53: 0 | K53: 0 | L53: 0 | M53: 0 | N53: 0 | O53: 0 | P53: 0 | Q53: 0 | R53: 0 | S53: 0 | T53: 0 | U53: 0 | V53: 0 | W53: 0 | X53: 0 | Y53: 0 | Z53: 0 | AA53: 0 | AB53: 0 | AD53: -370 | AE53: -370 | AF53: -370 | AG53: -370 | AH53: -370 | AI53: -370 | AJ53: -370 | AK53: -370 | AL53: -370 | AM53: -370 | AN53: -370 | AO53: -370 | AP53: -370 | AQ53: -370 | AR53: -370 | AS53: -370 | AT53: -370 | AU53: -370 | AV53: -370 | AW53: -370 | AX53: -370 | AY53: -370 | AZ53: -370 | BA53: -370 | BB53: -370 | BC53: -370 | BE53: _S3 | BG53: ="MINBIOMSW1"&BE53 -> MINBIOMSW1_S3 | BH53: =A53 -> Solid BMSW - Hi | BI53: ACT_BND | BJ53: BIOMUN | BK53: PJ | BL53: =E53/1000*Conversions!$B$2 -> 0 | BM53: =F53/1000*Conversions!$B$2 -> 0 | BN53: =G53/1000*Conversions!$B$2 -> 0 | BO53: =H53/1000*Conversions!$B$2 -> 0 | BP53: =I53/1000*Conversions!$B$2 -> 0 | BQ53: =J53/1000*Conversions!$B$2 -> 0 | BR53: =K53/1000*Conversions!$B$2 -> 0 | BS53: =L53/1000*Conversions!$B$2 -> 0 | ... BV53: =O53/1000*Conversions!$B$2 -> 0 | BW53: =BX53 -> 0.2484 | BX53: =BY53 -> 0.2484 | BY53: =SEAI!N23 -> 0.2484 | CD53: =SEAI!O23 -> 0.3312 | CI53: =SEAI!P23 -> 0.4248 | CJ53: =SEAI!S23 -> 0.4824 | CK53: 5 | CN53: =BG53 -> MINBIOMSW1_S3 | CO53: =BH53 -> Solid BMSW - Hi | CP53: COST | CQ53: MEUR2014 | CR53: =BJ53 -> BIOMUN | CS53: €14/GJ | CT53: =SEAI!$L$23 -> -2.5 | CU53: =SEAI!$L$23 -> -2.5 | CV53: =SEAI!$L$23 -> -2.5 | CW53: =SEAI!$L$23 -> -2.5 | CX53: =SEAI!$L$23 -> -2.5 | CY53: =SEAI!$L$23 -> -2.5 | CZ53: =SEAI!$L$23 -> -2.5 | DA53: =SEAI!$L$23 -> -2.5 | ... DQ53: =SEAI!$L$23 -> -2.5 | DR53: 5
A54: Tallow - Hi | B54: Tallow | C54: 26018.591 | D54: 25828.845 | E54: 26830.433 | F54: 26680.853 | G54: 26531.273 | H54: 26381.694 | I54: 26367.286 | J54: 26181.501 | K54: 26329.958 | L54: 26449.351 | M54: 26548.262 | N54: 26629.468 | O54: 26716.142 | P54: 26781.671 | Q54: 26805.557 | R54: 26795.763 | S54: 26732.722 | T54: 26631.112 | U54: 26500.359 | V54: 26347.524 | W54: 26178.824 | X54: 26000.923 | Y54: 25816.975 | Z54: 25629.37 | AA54: 25441.471 | AB54: 25247.96 | AD54: 462.49535 | AE54: 462.49535 | AF54: 462.49535 | AG54: 462.49535 | AH54: 462.49535 | AI54: 462.49535 | AJ54: 462.49535 | AK54: 462.49535 | AL54: 462.49535 | AM54: 462.49535 | AN54: 462.49535 | AO54: 462.49535 | AP54: 462.49535 | AQ54: 462.49535 | AR54: 462.49535 | AS54: 462.49535 | AT54: 462.49535 | AU54: 462.49535 | AV54: 462.49535 | AW54: 462.49535 | AX54: 462.49535 | AY54: 462.49535 | AZ54: 462.49535 | BA54: 462.49535 | BB54: 462.49535 | BC54: 462.49535 | BE54: _S3 | BG54: ="MINBIOTLW"&BE54 -> MINBIOTLW_S3 | BH54: =A54 -> Tallow - Hi | BI54: ACT_BND | BJ54: BIOWOO | BK54: PJ | BL54: =E54/1000*Conversions!$B$2 -> 1.1233366 | BM54: =F54/1000*Conversions!$B$2 -> 1.117074 | BN54: =G54/1000*Conversions!$B$2 -> 1.1108114 | BO54: =H54/1000*Conversions!$B$2 -> 1.1045487 | BP54: =I54/1000*Conversions!$B$2 -> 1.1039455 | BQ54: =J54/1000*Conversions!$B$2 -> 1.0961671 | BR54: =K54/1000*Conversions!$B$2 -> 1.1023827 | BS54: =L54/1000*Conversions!$B$2 -> 1.1073814 | ... BV54: =O54/1000*Conversions!$B$2 -> 1.1185514 | BW54: =BX54 -> 1.1808 | BX54: =BY54 -> 1.1808 | BY54: =SEAI!N28 -> 1.1808 | CD54: =SEAI!O28 -> 1.1808 | CI54: =SEAI!P28 -> 1.1808 | CJ54: =SEAI!S28 -> 1.1808 | CK54: 5 | CN54: =BG54 -> MINBIOTLW_S3 | CO54: =BH54 -> Tallow - Hi | CP54: COST | CQ54: MEUR2014 | CR54: =BJ54 -> BIOWOO | CS54: €14/GJ | CT54: =SEAI!$L$28 -> 11.111111 | CU54: =SEAI!$L$28 -> 11.111111 | CV54: =SEAI!$L$28 -> 11.111111 | CW54: =SEAI!$L$28 -> 11.111111 | CX54: =SEAI!$L$28 -> 11.111111 | CY54: =SEAI!$L$28 -> 11.111111 | CZ54: =SEAI!$L$28 -> 11.111111 | DA54: =SEAI!$L$28 -> 11.111111 | ... DQ54: =SEAI!$L$28 -> 11.111111 | DR54: 5
A55: RVO - Hi | B55: RVO | C55: 0 | D55: 0 | E55: 0 | F55: 0 | G55: 0 | H55: 0 | I55: 0 | J55: 0 | K55: 0 | L55: 0 | M55: 0 | N55: 0 | O55: 0 | P55: 0 | Q55: 0 | R55: 0 | S55: 0 | T55: 0 | U55: 0 | V55: 0 | W55: 0 | X55: 0 | Y55: 0 | Z55: 0 | AA55: 0 | AB55: 0 | AD55: 1163 | AE55: 1163 | AF55: 1163 | AG55: 1163 | AH55: 1163 | AI55: 1163 | AJ55: 1163 | AK55: 1163 | AL55: 1163 | AM55: 1163 | AN55: 1163 | AO55: 1163 | AP55: 1163 | AQ55: 1163 | AR55: 1163 | AS55: 1163 | AT55: 1163 | AU55: 1163 | AV55: 1163 | AW55: 1163 | AX55: 1163 | AY55: 1163 | AZ55: 1163 | BA55: 1163 | BB55: 1163 | BC55: 1163 | BE55: _S3 | BG55: ="MINBIORVO"&BE55 -> MINBIORVO_S3 | BH55: =A55 -> RVO - Hi | BI55: ACT_BND | BJ55: BIORPS | BK55: PJ | BL55: =E55/1000*Conversions!$B$2 -> 0 | BM55: =F55/1000*Conversions!$B$2 -> 0 | BN55: =G55/1000*Conversions!$B$2 -> 0 | BO55: =H55/1000*Conversions!$B$2 -> 0 | BP55: =I55/1000*Conversions!$B$2 -> 0 | BQ55: =J55/1000*Conversions!$B$2 -> 0 | BR55: =K55/1000*Conversions!$B$2 -> 0 | BS55: =L55/1000*Conversions!$B$2 -> 0 | ... BV55: =O55/1000*Conversions!$B$2 -> 0 | BW55: =BX55 -> 0 | BX55: =BY55 -> 0 | BY55: 0 | CD55: 0 | CI55: 0 | CJ55: 0 | CK55: 5 | CN55: =BG55 -> MINBIORVO_S3 | CO55: =BH55 -> RVO - Hi | CP55: COST | CQ55: MEUR2014 | CR55: =BJ55 -> BIORPS | CS55: €14/GJ | CT55: =IF(AF55<0,0.01,AF55/Conversions!$B$3) -> 27.777778 | CU55: =IF(AG55<0,0.01,AG55/Conversions!$B$3) -> 27.777778 | CV55: =IF(AH55<0,0.01,AH55/Conversions!$B$3) -> 27.777778 | CW55: =IF(AI55<0,0.01,AI55/Conversions!$B$3) -> 27.777778 | CX55: =IF(AJ55<0,0.01,AJ55/Conversions!$B$3) -> 27.777778 | CY55: =IF(AK55<0,0.01,AK55/Conversions!$B$3) -> 27.777778 | CZ55: =IF(AL55<0,0.01,AL55/Conversions!$B$3) -> 27.777778 | DA55: =IF(AM55<0,0.01,AM55/Conversions!$B$3) -> 27.777778 | ... DQ55: =IF(BC55<0,0.01,BC55/Conversions!$B$3) -> 27.777778 | DR55: 5
A56: Straw - Hi | B56: Straw | C56: 5421.1594 | D56: 9081.0555 | E56: 11534.744 | F56: 7280.7293 | G56: 8644.3149 | H56: 8298.9083 | I56: 8951.0229 | J56: 10995.004 | K56: 11952.199 | L56: 12921.761 | M56: 13846.474 | N56: 14648.726 | O56: 15316.377 | P56: 15917.452 | Q56: 16552.575 | R56: 16862.418 | S56: 16541.002 | T56: 16958.647 | U56: 17427.086 | V56: 17934.9 | W56: 18472.113 | X56: 19028.281 | Y56: 19595.92 | Z56: 20165.018 | AA56: 20729.879 | AB56: 21306.855 | AD56: 295.65668 | AE56: 295.65668 | AF56: 295.65668 | AG56: 295.65668 | AH56: 295.65668 | AI56: 295.65668 | AJ56: 295.65668 | AK56: 295.65668 | AL56: 295.65668 | AM56: 295.65668 | AN56: 295.65668 | AO56: 295.65668 | AP56: 295.65668 | AQ56: 295.65668 | AR56: 295.65668 | AS56: 295.65668 | AT56: 295.65668 | AU56: 295.65668 | AV56: 295.65668 | AW56: 295.65668 | AX56: 295.65668 | AY56: 295.65668 | AZ56: 295.65668 | BA56: 295.65668 | BB56: 295.65668 | BC56: 295.65668 | BE56: _S3 | BG56: ="MINBIOWOO3"&BE56 -> MINBIOWOO3_S3 | BH56: =A56 -> Straw - Hi | BI56: ACT_BND | BJ56: BIOWOO | BK56: PJ | BL56: =E56/1000*Conversions!$B$2 -> 0.48293664 | BM56: =F56/1000*Conversions!$B$2 -> 0.30482957 | BN56: =G56/1000*Conversions!$B$2 -> 0.36192017 | BO56: =H56/1000*Conversions!$B$2 -> 0.34745869 | BP56: =I56/1000*Conversions!$B$2 -> 0.37476143 | BQ56: =J56/1000*Conversions!$B$2 -> 0.46033882 | BR56: =K56/1000*Conversions!$B$2 -> 0.50041466 | BS56: =L56/1000*Conversions!$B$2 -> 0.5410083 | ... BV56: =O56/1000*Conversions!$B$2 -> 0.64126609 | BW56: =BX56 -> 0 | BX56: =BY56 -> 0 | BY56: =SEAI!N14 -> 0 | CD56: =SEAI!O14 -> 0.036 | CI56: =SEAI!P14 -> 0.036 | CJ56: =SEAI!S14 -> 0.036 | CK56: 5 | CN56: =BG56 -> MINBIOWOO3_S3 | CO56: =BH56 -> Straw - Hi | CP56: COST | CQ56: MEUR2014 | CR56: =BJ56 -> BIOWOO | CS56: €14/GJ | CT56: =SEAI!$L$14 -> 6.9444444 | CU56: =SEAI!$L$14 -> 6.9444444 | CV56: =SEAI!$L$14 -> 6.9444444 | CW56: =SEAI!$L$14 -> 6.9444444 | CX56: =SEAI!$L$14 -> 6.9444444 | CY56: =SEAI!$L$14 -> 6.9444444 | CZ56: =SEAI!$L$14 -> 6.9444444 | DA56: =SEAI!$L$14 -> 6.9444444 | ... DQ56: =SEAI!$L$14 -> 6.9444444 | DR56: 5
A57: Cattle waste - Hi | B57: Cattle | C57: 0 | D57: 0 | E57: 0 | F57: 0 | G57: 0 | H57: 0 | I57: 0 | J57: 0 | K57: 0 | L57: 0 | M57: 0 | N57: 0 | O57: 0 | P57: 0 | Q57: 0 | R57: 0 | S57: 0 | T57: 0 | U57: 0 | V57: 0 | W57: 0 | X57: 0 | Y57: 0 | Z57: 0 | AA57: 0 | AB57: 0 | AD57: 395.00046 | AE57: 395.00046 | AF57: 395.00046 | AG57: 395.00046 | AH57: 395.00046 | AI57: 395.00046 | AJ57: 395.00046 | AK57: 395.00046 | AL57: 395.00046 | AM57: 395.00046 | AN57: 395.00046 | AO57: 395.00046 | AP57: 395.00046 | AQ57: 448.40172 | AR57: 395.00046 | AS57: 395.00046 | AT57: 395.00046 | AU57: 395.00046 | AV57: 395.00046 | AW57: 395.00046 | AX57: 395.00046 | AY57: 395.00046 | AZ57: 395.00046 | BA57: 395.00046 | BB57: 395.00046 | BC57: 395.00046 | BE57: _S3 | BG57: ="MINBIOCATW"&BE57 -> MINBIOCATW_S3 | BH57: =A57 -> Cattle waste - Hi | BI57: ACT_BND | BJ57: BIOSLU | BK57: PJ | BL57: =E57/1000*Conversions!$B$2 -> 0 | BM57: =F57/1000*Conversions!$B$2 -> 0 | BN57: =G57/1000*Conversions!$B$2 -> 0 | BO57: =H57/1000*Conversions!$B$2 -> 0 | BP57: =I57/1000*Conversions!$B$2 -> 0 | BQ57: =J57/1000*Conversions!$B$2 -> 0 | BR57: =K57/1000*Conversions!$B$2 -> 0 | BS57: =L57/1000*Conversions!$B$2 -> 0 | BT57: 0 | BU57: 0 | BV57: 0 | BW57: 0 | BX57: 0 | BY57: 0 | BZ57: 0 | CA57: 0 | CB57: 0 | CC57: 0 | CD57: 0 | CE57: 0 | CF57: 0 | CG57: 0 | CH57: 0 | CI57: 0 | CJ57: 0 | CK57: 5 | CN57: =BG57 -> MINBIOCATW_S3 | CO57: =BH57 -> Cattle waste - Hi | CP57: COST | CQ57: MEUR2014 | CR57: =BJ57 -> BIOSLU | CS57: €14/GJ | CT57: =IF(AF57<0,0.01,AF57/Conversions!$B$3) -> 9.434424 | CU57: =IF(AG57<0,0.01,AG57/Conversions!$B$3) -> 9.434424 | CV57: =IF(AH57<0,0.01,AH57/Conversions!$B$3) -> 9.434424 | CW57: =IF(AI57<0,0.01,AI57/Conversions!$B$3) -> 9.434424 | CX57: =IF(AJ57<0,0.01,AJ57/Conversions!$B$3) -> 9.434424 | CY57: =IF(AK57<0,0.01,AK57/Conversions!$B$3) -> 9.434424 | CZ57: =IF(AL57<0,0.01,AL57/Conversions!$B$3) -> 9.434424 | DA57: =IF(AM57<0,0.01,AM57/Conversions!$B$3) -> 9.434424 | ... DQ57: =IF(BC57<0,0.01,BC57/Conversions!$B$3) -> 9.434424 | DR57: 5
A58: Pig waste - Hi | B58: Pig | C58: 0 | D58: 0 | E58: 0 | F58: 0 | G58: 0 | H58: 0 | I58: 0 | J58: 0 | K58: 0 | L58: 0 | M58: 0 | N58: 0 | O58: 0 | P58: 0 | Q58: 0 | R58: 0 | S58: 0 | T58: 0 | U58: 0 | V58: 0 | W58: 0 | X58: 0 | Y58: 0 | Z58: 0 | AA58: 0 | AB58: 0 | AD58: 374.51896 | AE58: 374.51896 | AF58: 374.51896 | AG58: 374.51896 | AH58: 374.51896 | AI58: 374.51896 | AJ58: 374.51896 | AK58: 374.51896 | AL58: 374.51896 | AM58: 374.51896 | AN58: 374.51896 | AO58: 374.51896 | AP58: 374.51896 | AQ58: 374.51896 | AR58: 374.51896 | AS58: 374.51896 | AT58: 374.51896 | AU58: 374.51896 | AV58: 374.51896 | AW58: 374.51896 | AX58: 374.51896 | AY58: 374.51896 | AZ58: 374.51896 | BA58: 374.51896 | BB58: 374.51896 | BC58: 374.51896 | BE58: _S3 | BG58: ="MINBIOPIGW"&BE58 -> MINBIOPIGW_S3 | BH58: =A58 -> Pig waste - Hi | BI58: ACT_BND | BJ58: BIOSLU | BK58: PJ | BL58: =E58/1000*Conversions!$B$2 -> 0 | BM58: =F58/1000*Conversions!$B$2 -> 0 | BN58: =G58/1000*Conversions!$B$2 -> 0 | BO58: =H58/1000*Conversions!$B$2 -> 0 | BP58: =I58/1000*Conversions!$B$2 -> 0 | BQ58: =J58/1000*Conversions!$B$2 -> 0 | BR58: =K58/1000*Conversions!$B$2 -> 0 | BS58: =L58/1000*Conversions!$B$2 -> 0 | BT58: 0 | BU58: 0 | BV58: 0 | BW58: 0 | BX58: 0 | BY58: 0 | BZ58: 0 | CA58: 0 | CB58: 0 | CC58: 0 | CD58: 0 | CE58: 0 | CF58: 0 | CG58: 0 | CH58: 0 | CI58: 0 | CJ58: 0 | CK58: 5 | CN58: =BG58 -> MINBIOPIGW_S3 | CO58: =BH58 -> Pig waste - Hi | CP58: COST | CQ58: MEUR2014 | CR58: =BJ58 -> BIOSLU | CS58: €14/GJ | CT58: =IF(AF58<0,0.01,AF58/Conversions!$B$3) -> 8.9452316 | CU58: =IF(AG58<0,0.01,AG58/Conversions!$B$3) -> 8.9452316 | CV58: =IF(AH58<0,0.01,AH58/Conversions!$B$3) -> 8.9452316 | CW58: =IF(AI58<0,0.01,AI58/Conversions!$B$3) -> 8.9452316 | CX58: =IF(AJ58<0,0.01,AJ58/Conversions!$B$3) -> 8.9452316 | CY58: =IF(AK58<0,0.01,AK58/Conversions!$B$3) -> 8.9452316 | CZ58: =IF(AL58<0,0.01,AL58/Conversions!$B$3) -> 8.9452316 | DA58: =IF(AM58<0,0.01,AM58/Conversions!$B$3) -> 8.9452316 | ... DQ58: =IF(BC58<0,0.01,BC58/Conversions!$B$3) -> 8.9452316 | DR58: 5
A59: BMSW - Hi | B59: BMSW | C59: 1548.6248 | D59: 2161.6571 | E59: 2437.8994 | F59: 3048.3155 | G59: 3131.5353 | H59: 3273.7322 | I59: 3528.3872 | J59: 3655.7679 | K59: 3762.5024 | L59: 3868.835 | M59: 3974.5839 | N59: 4057.2622 | O59: 4120.5291 | P59: 4185.0806 | Q59: 4243.8531 | R59: 4312.3095 | S59: 4383.1647 | T59: 4455.1639 | U59: 4528.3252 | V59: 4602.6667 | W59: 4678.207 | X59: 4754.9836 | Y59: 4833.0168 | Z59: 4912.3271 | AA59: 4992.9352 | AB59: 5074.8625 | AD59: 0 | AE59: 0 | AF59: 0 | AG59: 0 | AH59: 0 | AI59: 0 | AJ59: 0 | AK59: 0 | AL59: 0 | AM59: 0 | AN59: 0 | AO59: 0 | AP59: 0 | AQ59: 0 | AR59: 0 | AS59: 0 | AT59: 0 | AU59: 0 | AV59: 0 | AW59: 0 | AX59: 0 | AY59: 0 | AZ59: 0 | BA59: 0 | BB59: 0 | BC59: 0 | BE59: _S3 | BG59: ="MINBIOMSW2"&BE59 -> MINBIOMSW2_S3 | BH59: =A59 -> BMSW - Hi | BI59: ACT_BND | BJ59: BIOMUN | BK59: PJ | BL59: =E59/1000*Conversions!$B$2 -> 0.10206997 | BM59: =F59/1000*Conversions!$B$2 -> 0.12762688 | BN59: =G59/1000*Conversions!$B$2 -> 0.13111112 | BO59: =H59/1000*Conversions!$B$2 -> 0.13706462 | BP59: =I59/1000*Conversions!$B$2 -> 0.14772652 | BQ59: =J59/1000*Conversions!$B$2 -> 0.15305969 | BR59: =K59/1000*Conversions!$B$2 -> 0.15752845 | BS59: =L59/1000*Conversions!$B$2 -> 0.16198038 | BT59: 0 | BU59: 0 | BV59: 0 | BW59: 0 | BX59: 0 | BY59: 0 | BZ59: 0 | CA59: 0 | CB59: 0 | CC59: 0 | CD59: 0 | CE59: 0 | CF59: 0 | CG59: 0 | CH59: 0 | CI59: 0 | CJ59: 0 | CK59: 5 | CN59: =BG59 -> MINBIOMSW2_S3 | CO59: =BH59 -> BMSW - Hi | CP59: COST | CQ59: MEUR2014 | CR59: =BJ59 -> BIOMUN | CS59: €14/GJ | CT59: =IF(AF59<0,0.01,AF59/Conversions!$B$3) -> 0 | CU59: =IF(AG59<0,0.01,AG59/Conversions!$B$3) -> 0 | CV59: =IF(AH59<0,0.01,AH59/Conversions!$B$3) -> 0 | CW59: =IF(AI59<0,0.01,AI59/Conversions!$B$3) -> 0 | CX59: =IF(AJ59<0,0.01,AJ59/Conversions!$B$3) -> 0 | CY59: =IF(AK59<0,0.01,AK59/Conversions!$B$3) -> 0 | CZ59: =IF(AL59<0,0.01,AL59/Conversions!$B$3) -> 0 | DA59: =IF(AM59<0,0.01,AM59/Conversions!$B$3) -> 0 | ... DQ59: =IF(BC59<0,0.01,BC59/Conversions!$B$3) -> 0 | DR59: 5
A60: Willow - Hi | B60: Willow | C60: 0 | D60: 0 | E60: 0 | F60: 0 | G60: 0 | H60: 0 | I60: 0 | J60: 0 | K60: 0 | L60: 0 | M60: 2669.5965 | N60: 7604.0843 | O60: 14644.237 | P60: 24515.542 | Q60: 38178.255 | R60: 56197.381 | S60: 78564.979 | T60: 106253.05 | U60: 140444.73 | V60: 182579.45 | W60: 234407.68 | X60: 298057.19 | Y60: 376113.44 | Z60: 471716.86 | AA60: 558269.15 | AB60: 564208.18 | AD60: 418.68 | AE60: 418.68 | AF60: 418.68 | AG60: 418.68 | AH60: 418.68 | AI60: 418.68 | AJ60: 418.68 | AK60: 418.68 | AL60: 418.68 | AM60: 418.68 | AN60: 418.68 | AO60: 418.68 | AP60: 418.68 | AQ60: 418.68 | AR60: 418.68 | AS60: 418.68 | AT60: 418.68 | AU60: 418.68 | AV60: 418.68 | AW60: 418.68 | AX60: 418.68 | AY60: 418.68 | AZ60: 418.68 | BA60: 418.68 | BB60: 418.68 | BC60: 418.68 | BE60: 3 | BG60: ="ABIOCRP4"&BE60 -> ABIOCRP43 | BH60: =A60 -> Willow - Hi | BI60: ACT_BND | BJ60: BIOWOO | BK60: PJ | BL60: =E60/1000*Conversions!$B$2 -> 0 | BM60: =F60/1000*Conversions!$B$2 -> 0 | BN60: =G60/1000*Conversions!$B$2 -> 0 | BO60: =H60/1000*Conversions!$B$2 -> 0 | BP60: =I60/1000*Conversions!$B$2 -> 0 | BQ60: =J60/1000*Conversions!$B$2 -> 0 | BR60: =K60/1000*Conversions!$B$2 -> 0 | BS60: =L60/1000*Conversions!$B$2 -> 0 | BT60: 0 | BU60: 0 | BV60: 0 | BW60: 0 | BX60: 0 | BY60: 0 | BZ60: 0 | CA60: 0 | CB60: 0 | CC60: 0 | CD60: 0 | CE60: 0 | CF60: 0 | CG60: 0 | CH60: 0 | CI60: 0 | CJ60: 0 | CK60: 5 | CN60: =BG60 -> ABIOCRP43 | CO60: =BH60 -> Willow - Hi | CP60: ACTCOST | CQ60: MEUR2014 | CR60: =BJ60 -> BIOWOO | CS60: €14/GJ | CT60: =IF(AF60<0,0.01,AF60/Conversions!$B$3) -> 10 | CU60: =IF(AG60<0,0.01,AG60/Conversions!$B$3) -> 10 | CV60: =IF(AH60<0,0.01,AH60/Conversions!$B$3) -> 10 | CW60: =IF(AI60<0,0.01,AI60/Conversions!$B$3) -> 10 | CX60: =IF(AJ60<0,0.01,AJ60/Conversions!$B$3) -> 10 | CY60: =IF(AK60<0,0.01,AK60/Conversions!$B$3) -> 10 | CZ60: =IF(AL60<0,0.01,AL60/Conversions!$B$3) -> 10 | DA60: =IF(AM60<0,0.01,AM60/Conversions!$B$3) -> 10 | ... DQ60: =IF(BC60<0,0.01,BC60/Conversions!$B$3) -> 10 | DR60: 5
A61: Miscanthus - Hi | B61: Miscanthus | C61: 0 | D61: 0 | E61: 0 | F61: 0 | G61: 0 | H61: 0 | I61: 0 | J61: 0 | K61: 0 | L61: 0 | M61: 1331.1678 | N61: 4043.4222 | O61: 7839.3682 | P61: 13085.168 | Q61: 20264.743 | R61: 30016.982 | S61: 43184.623 | T61: 60878.446 | U61: 84561.585 | V61: 116160.21 | W61: 158208.83 | X61: 214041.05 | Y61: 288039.83 | Z61: 385965.98 | AA61: 475885.83 | AB61: 480948.45 | AD61: 418.68 | AE61: 418.68 | AF61: 418.68 | AG61: 418.68 | AH61: 418.68 | AI61: 418.68 | AJ61: 418.68 | AK61: 418.68 | AL61: 418.68 | AM61: 418.68 | AN61: 418.68 | AO61: 418.68 | AP61: 418.68 | AQ61: 418.68 | AR61: 418.68 | AS61: 418.68 | AT61: 418.68 | AU61: 418.68 | AV61: 418.68 | AW61: 418.68 | AX61: 418.68 | AY61: 418.68 | AZ61: 418.68 | BA61: 418.68 | BB61: 418.68 | BC61: 418.68 | BE61: 3 | BG61: ="ABIOCRP3"&BE61 -> ABIOCRP33 | BH61: =A61 -> Miscanthus - Hi | BI61: ACT_BND | BJ61: BIOWOO | BK61: PJ | BL61: =E61/1000*Conversions!$B$2 -> 0 | BM61: =F61/1000*Conversions!$B$2 -> 0 | BN61: =G61/1000*Conversions!$B$2 -> 0 | BO61: =H61/1000*Conversions!$B$2 -> 0 | BP61: =I61/1000*Conversions!$B$2 -> 0 | BQ61: =J61/1000*Conversions!$B$2 -> 0 | BR61: =K61/1000*Conversions!$B$2 -> 0 | BS61: =L61/1000*Conversions!$B$2 -> 0 | BT61: 0 | BU61: 0 | BV61: 0 | BW61: 0 | BX61: 0 | BY61: 0 | BZ61: 0 | CA61: 0 | CB61: 0 | CC61: 0 | CD61: 0 | CE61: 0 | CF61: 0 | CG61: 0 | CH61: 0 | CI61: 0 | CJ61: 0 | CK61: 5 | CN61: =BG61 -> ABIOCRP33 | CO61: =BH61 -> Miscanthus - Hi | CP61: ACTCOST | CQ61: MEUR2014 | CR61: =BJ61 -> BIOWOO | CS61: €14/GJ | CT61: =IF(AF61<0,0.01,AF61/Conversions!$B$3) -> 10 | CU61: =IF(AG61<0,0.01,AG61/Conversions!$B$3) -> 10 | CV61: =IF(AH61<0,0.01,AH61/Conversions!$B$3) -> 10 | CW61: =IF(AI61<0,0.01,AI61/Conversions!$B$3) -> 10 | CX61: =IF(AJ61<0,0.01,AJ61/Conversions!$B$3) -> 10 | CY61: =IF(AK61<0,0.01,AK61/Conversions!$B$3) -> 10 | CZ61: =IF(AL61<0,0.01,AL61/Conversions!$B$3) -> 10 | DA61: =IF(AM61<0,0.01,AM61/Conversions!$B$3) -> 10 | ... DQ61: =IF(BC61<0,0.01,BC61/Conversions!$B$3) -> 10 | DR61: 5
A62: Wheat - Hi | B62: Wheat | C62: 0 | D62: 0 | E62: 0 | F62: 0 | G62: 0 | H62: 0 | I62: 1742.2406 | J62: 3509.3578 | K62: 5305.1688 | L62: 7125.1348 | M62: 8964.7395 | N62: 9028.1236 | O62: 9091.5077 | P62: 9154.8918 | Q62: 9218.2759 | R62: 9281.66 | S62: 9345.0441 | T62: 9408.4282 | U62: 9471.8123 | V62: 9535.1964 | W62: 9598.5805 | X62: 9661.9646 | Y62: 9725.3487 | Z62: 9788.7328 | AA62: 9852.1169 | AB62: 9915.501 | AD62: 1194.3722 | AE62: 1194.3722 | AF62: 1194.3722 | AG62: 1194.3722 | AH62: 1194.3722 | AI62: 1194.3722 | AJ62: 1194.3722 | AK62: 1194.3722 | AL62: 1194.3722 | AM62: 1194.3722 | AN62: 1194.3722 | AO62: 1194.3722 | AP62: 1194.3722 | AQ62: 1194.3722 | AR62: 1194.3722 | AS62: 1194.3722 | AT62: 1194.3722 | AU62: 1194.3722 | AV62: 1194.3722 | AW62: 1194.3722 | AX62: 1194.3722 | AY62: 1194.3722 | AZ62: 1194.3722 | BA62: 1194.3722 | BB62: 1194.3722 | BC62: 1194.3722 | BE62: 3 | BG62: ="ABIOCRP1"&BE62 -> ABIOCRP13 | BH62: =A62 -> Wheat - Hi | BI62: ACT_BND | BJ62: BIOCRP1 | BK62: PJ | BL62: =E62/1000*Conversions!$B$2 -> 0 | BM62: =F62/1000*Conversions!$B$2 -> 0 | BN62: =G62/1000*Conversions!$B$2 -> 0 | BO62: =H62/1000*Conversions!$B$2 -> 0 | BP62: =I62/1000*Conversions!$B$2 -> 0.07294413 | BQ62: =J62/1000*Conversions!$B$2 -> 0.14692979 | BR62: =K62/1000*Conversions!$B$2 -> 0.22211681 | BS62: =L62/1000*Conversions!$B$2 -> 0.29831515 | BT62: 0 | BU62: 0 | BV62: 0 | BW62: 0 | BX62: 0 | BY62: 0 | BZ62: 0 | CA62: 0 | CB62: 0 | CC62: 0 | CD62: 0 | CE62: 0 | CF62: 0 | CG62: 0 | CH62: 0 | CI62: 0 | CJ62: 0 | CK62: 5 | CN62: =BG62 -> ABIOCRP13 | CO62: =BH62 -> Wheat - Hi | CP62: ACTCOST | CQ62: MEUR2014 | CR62: =BJ62 -> BIOCRP1 | CS62: €14/GJ | CT62: =IF(AF62<0,0.01,AF62/Conversions!$B$3) -> 28.527089 | CU62: =IF(AG62<0,0.01,AG62/Conversions!$B$3) -> 28.527089 | CV62: =IF(AH62<0,0.01,AH62/Conversions!$B$3) -> 28.527089 | CW62: =IF(AI62<0,0.01,AI62/Conversions!$B$3) -> 28.527089 | CX62: =IF(AJ62<0,0.01,AJ62/Conversions!$B$3) -> 28.527089 | CY62: =IF(AK62<0,0.01,AK62/Conversions!$B$3) -> 28.527089 | CZ62: =IF(AL62<0,0.01,AL62/Conversions!$B$3) -> 28.527089 | DA62: =IF(AM62<0,0.01,AM62/Conversions!$B$3) -> 28.527089 | ... DQ62: =IF(BC62<0,0.01,BC62/Conversions!$B$3) -> 28.527089 | DR62: 5
A63: OSR - Hi | B63: OSR | C63: 2512.3714 | D63: 6005.5727 | E63: 8971.0232 | F63: 11762.981 | G63: 5928.5423 | H63: 4481.9779 | I63: 12047.557 | J63: 20492.894 | K63: 29072.586 | L63: 37788.241 | M63: 46563.75 | N63: 46936.26 | O63: 47311.75 | P63: 47690.244 | Q63: 48071.766 | R63: 48456.34 | S63: 48843.991 | T63: 49234.743 | U63: 49628.621 | V63: 50025.65 | W63: 50425.855 | X63: 50826.06 | Y63: 51226.265 | Z63: 51626.47 | AA63: 52026.676 | AB63: 52426.881 | AD63: 1670.0556 | AE63: 1670.0556 | AF63: 1670.0556 | AG63: 1670.0556 | AH63: 1670.0556 | AI63: 1670.0556 | AJ63: 1670.0556 | AK63: 1670.0556 | AL63: 1670.0556 | AM63: 1670.0556 | AN63: 1670.0556 | AO63: 1670.0556 | AP63: 1670.0556 | AQ63: 1670.0556 | AR63: 1670.0556 | AS63: 1670.0556 | AT63: 1670.0556 | AU63: 1670.0556 | AV63: 1670.0556 | AW63: 1670.0556 | AX63: 1670.0556 | AY63: 1670.0556 | AZ63: 1670.0556 | BA63: 1670.0556 | BB63: 1670.0556 | BC63: 1670.0556 | BE63: 3 | BG63: ="ABIOCRP2"&BE63 -> ABIOCRP23 | BH63: =A63 -> OSR - Hi | BI63: ACT_BND | BJ63: BIORPS | BK63: PJ | BL63: =E63/1000*Conversions!$B$2 -> 0.3755988 | BM63: =F63/1000*Conversions!$B$2 -> 0.49249247 | BN63: =G63/1000*Conversions!$B$2 -> 0.24821621 | BO63: =H63/1000*Conversions!$B$2 -> 0.18765145 | BP63: =I63/1000*Conversions!$B$2 -> 0.5044071 | BQ63: =J63/1000*Conversions!$B$2 -> 0.85799648 | BR63: =K63/1000*Conversions!$B$2 -> 1.217211 | BS63: =L63/1000*Conversions!$B$2 -> 1.5821181 | BT63: 0 | BU63: 0 | BV63: 0 | BW63: 0 | BX63: 0 | BY63: 0 | BZ63: 0 | CA63: 0 | CB63: 0 | CC63: 0 | CD63: 0 | CE63: 0 | CF63: 0 | CG63: 0 | CH63: 0 | CI63: 0 | CJ63: 0 | CK63: 5 | CN63: =BG63 -> ABIOCRP23 | CO63: =BH63 -> OSR - Hi | CP63: ACTCOST | CQ63: MEUR2014 | CR63: =BJ63 -> BIORPS | CS63: €14/GJ | CT63: =IF(AF63<0,0.01,AF63/Conversions!$B$3) -> 39.888593 | CU63: =IF(AG63<0,0.01,AG63/Conversions!$B$3) -> 39.888593 | CV63: =IF(AH63<0,0.01,AH63/Conversions!$B$3) -> 39.888593 | CW63: =IF(AI63<0,0.01,AI63/Conversions!$B$3) -> 39.888593 | CX63: =IF(AJ63<0,0.01,AJ63/Conversions!$B$3) -> 39.888593 | CY63: =IF(AK63<0,0.01,AK63/Conversions!$B$3) -> 39.888593 | CZ63: =IF(AL63<0,0.01,AL63/Conversions!$B$3) -> 39.888593 | DA63: =IF(AM63<0,0.01,AM63/Conversions!$B$3) -> 39.888593 | ... DQ63: =IF(BC63<0,0.01,BC63/Conversions!$B$3) -> 39.888593 | DR63: 5
A64: Crops Anaerobic - Hi | B64: Anaerobic | C64: 0 | D64: 0 | E64: 0 | F64: 0 | G64: 0 | H64: 0 | I64: 82300.36 | J64: 95851.043 | K64: 110008.15 | L64: 124771.68 | M64: 140141.63 | N64: 149873.29 | O64: 159908.16 | P64: 170246.24 | Q64: 180887.53 | R64: 191832.03 | S64: 203079.75 | T64: 214630.68 | U64: 219178.85 | V64: 223727.03 | W64: 228275.21 | X64: 232823.39 | Y64: 237371.57 | Z64: 241919.74 | AA64: 246467.92 | AB64: 251016.1 | AD64: 510.32583 | AE64: 510.32583 | AF64: 510.32583 | AG64: 510.32583 | AH64: 510.32583 | AI64: 510.32583 | AJ64: 510.32583 | AK64: 510.32583 | AL64: 510.32583 | AM64: 510.32583 | AN64: 510.32583 | AO64: 510.32583 | AP64: 510.32583 | AQ64: 510.32583 | AR64: 510.32583 | AS64: 510.32583 | AT64: 510.32583 | AU64: 510.32583 | AV64: 510.32583 | AW64: 510.32583 | AX64: 510.32583 | AY64: 510.32583 | AZ64: 510.32583 | BA64: 510.32583 | BB64: 510.32583 | BC64: 510.32583 | BE64: 3 | BG64: ="ABIOGAS1"&BE64 -> ABIOGAS13 | BH64: =A64 -> Crops Anaerobic - Hi | BI64: ACT_BND | BJ64: BIOGAS | BK64: PJ | BL64: 0 | BM64: 0 | BN64: 0 | BO64: 0 | BP64: 0 | BQ64: 0 | BR64: 0 | BS64: 0 | BT64: 0 | BU64: 0 | BV64: 0 | BW64: 0 | BX64: 0 | BY64: 0 | BZ64: 0 | CA64: 0 | CB64: 0 | CC64: 0 | CD64: 0 | CE64: 0 | CF64: 0 | CG64: 0 | CH64: 0 | CI64: 0 | CJ64: 0 | CK64: 5 | CN64: =BG64 -> ABIOGAS13 | CO64: =BH64 -> Crops Anaerobic - Hi | CP64: ACTCOST | CQ64: MEUR2014 | CR64: =BJ64 -> BIOGAS | CS64: €14/GJ | CT64: =IF(AF64<0,0.01,AF64/Conversions!$B$3) -> 12.188923 | CU64: =IF(AG64<0,0.01,AG64/Conversions!$B$3) -> 12.188923 | CV64: =IF(AH64<0,0.01,AH64/Conversions!$B$3) -> 12.188923 | CW64: =IF(AI64<0,0.01,AI64/Conversions!$B$3) -> 12.188923 | CX64: =IF(AJ64<0,0.01,AJ64/Conversions!$B$3) -> 12.188923 | CY64: =IF(AK64<0,0.01,AK64/Conversions!$B$3) -> 12.188923 | CZ64: =IF(AL64<0,0.01,AL64/Conversions!$B$3) -> 12.188923 | DA64: =IF(AM64<0,0.01,AM64/Conversions!$B$3) -> 12.188923 | ... DQ64: =IF(BC64<0,0.01,BC64/Conversions!$B$3) -> 12.188923 | DR64: 5
A65: Industrial Food - Hi | B65: IndFood | C65: 0 | D65: 0 | E65: 0 | F65: 0 | G65: 0 | H65: 0 | I65: 0 | J65: 0 | K65: 0 | L65: 0 | M65: 0 | N65: 0 | O65: 0 | P65: 0 | Q65: 0 | R65: 0 | S65: 0 | T65: 0 | U65: 0 | V65: 0 | W65: 0 | X65: 0 | Y65: 0 | Z65: 0 | AA65: 0 | AB65: 0 | AD65: 0 | AE65: 0 | AF65: 0 | AG65: 0 | AH65: 0 | AI65: 0 | AJ65: 0 | AK65: 0 | AL65: 0 | AM65: 0 | AN65: 0 | AO65: 0 | AP65: 0 | AQ65: 0 | AR65: 0 | AS65: 0 | AT65: 0 | AU65: 0 | AV65: 0 | AW65: 0 | AX65: 0 | AY65: 0 | AZ65: 0 | BA65: 0 | BB65: 0 | BC65: 0 | BE65: _S3 | BG65: ="MINBIOINDF"&BE65 -> MINBIOINDF_S3 | BH65: =A65 -> Industrial Food - Hi | BI65: ACT_BND | BJ65: BIOSLU | BK65: PJ | BL65: =E65/1000*Conversions!$B$2 -> 0 | BM65: =F65/1000*Conversions!$B$2 -> 0 | BN65: =G65/1000*Conversions!$B$2 -> 0 | BO65: =H65/1000*Conversions!$B$2 -> 0 | BP65: =I65/1000*Conversions!$B$2 -> 0 | BQ65: =J65/1000*Conversions!$B$2 -> 0 | BR65: =K65/1000*Conversions!$B$2 -> 0 | BS65: =L65/1000*Conversions!$B$2 -> 0 | BT65: 0 | BU65: 0 | BV65: 0 | BW65: 0 | BX65: 0 | BY65: 0 | BZ65: 0 | CA65: 0 | CB65: 0 | CC65: 0 | CD65: 0 | CE65: 0 | CF65: 0 | CG65: 0 | CH65: 0 | CI65: 0 | CJ65: 0 | CK65: 5 | CN65: =BG65 -> MINBIOINDF_S3 | CO65: =BH65 -> Industrial Food - Hi | CP65: COST | CQ65: MEUR2014 | CR65: =BJ65 -> BIOSLU | CS65: €14/GJ | CT65: =IF(AF65<0,0.01,AF65/Conversions!$B$3) -> 0 | CU65: =IF(AG65<0,0.01,AG65/Conversions!$B$3) -> 0 | CV65: =IF(AH65<0,0.01,AH65/Conversions!$B$3) -> 0 | CW65: =IF(AI65<0,0.01,AI65/Conversions!$B$3) -> 0 | CX65: =IF(AJ65<0,0.01,AJ65/Conversions!$B$3) -> 0 | CY65: =IF(AK65<0,0.01,AK65/Conversions!$B$3) -> 0 | CZ65: =IF(AL65<0,0.01,AL65/Conversions!$B$3) -> 0 | DA65: =IF(AM65<0,0.01,AM65/Conversions!$B$3) -> 0 | ... DQ65: =IF(BC65<0,0.01,BC65/Conversions!$B$3) -> 0 | DR65: 5
CJ67: =SUM(CJ6:CJ21,CJ28:CJ43,CJ50:CJ65) -> 66.41 | CK67: PJ
AB68: =SUM(AB6:AB21,AB28:AB43,AB50:AB65) -> 2829139.7 | CJ68: =CJ67*1000/Conversions!$B$2 -> 1586175.6 | CK68: toe

Sheet Manure to biogas 
A2: NOTE | B2: Manure to biogas potential
B3: From TIM-LEAF, manure production from cattle, poultry and pig are converted to biogas (AGRBAS) in manure digester processes
B4: Also included CHP techs converting biogas to electricity and heat
C9: Potential from SEAI curve (baseline)
B10: TFM_INS-TS
B11: Pset_PN | C11: *Description | D11: Attribute | E11: *Output | F11: *Unit | G11: 2012 | H11: 2013 | I11: 2014 | J11: 2015 | K11: 2016 | L11: 2017 | M11: 2018 | N11: 2019 | O11: 2020 | P11: 2021 | Q11: 2022 | R11: 2023 | S11: 2024 | T11: 2025 | U11: 2026 | V11: 2027 | W11: 2028 | X11: 2029 | Y11: 2030 | Z11: 2031 | AA11: 2032 | AB11: 2033 | AC11: 2034 | AD11: 2035 | AE11: 2050 | AF11: 0
B12: MINBIOCATW_S1 | C12: Cattle waste - Lo | D12: ACT_BND | E12: BIOSLU | F12: PJ | G12: 0.035734014 | H12: 0.036538471 | I12: 0.037342927 | J12: 0.038147383 | K12: 0.039340429 | L12: 0.039715467 | M12: 0.040418466 | N12: 0.041361809 | O12: 0 | P12: 0 | Q12: 0 | R12: 0 | S12: 0 | T12: 0 | U12: 0 | V12: 0 | W12: 0 | X12: 0 | Y12: 0 | Z12: 0 | AA12: 0 | AB12: 0 | AC12: 0 | AD12: 0 | AE12: 0 | AF12: 5
B13: MINBIOPIGW_S1 | C13: Pig waste - Lo | D13: ACT_BND | E13: BIOSLU | F13: PJ | G13: 1.0116137 | H13: 1.0031574 | I13: 0.99470123 | J13: 0.98624501 | K13: 0.98757803 | L13: 0.99506235 | M13: 1.0008444 | N13: 1.0047598 | O13: 1.0073811 | P13: 1.0089834 | Q13: 1.009747 | R13: 1.8216 | S13: 1.8216 | T13: 1.8216 | Y13: 1.8756 | AD13: 1.8756 | AE13: 1.8756 | AF13: 5
B14: MINBIOCATW_S2 | C14: Cattle waste - Me | D14: ACT_BND | E14: BIOSLU | F14: PJ | G14: 0 | H14: 0 | I14: 0 | J14: 0 | K14: 0 | L14: 0 | M14: 0 | N14: 0 | O14: 0 | P14: 0 | Q14: 0 | R14: 0 | S14: 0 | T14: 0 | U14: 0 | V14: 0 | W14: 0 | X14: 0 | Y14: 0 | Z14: 0 | AA14: 0 | AB14: 0 | AC14: 0 | AD14: 0 | AE14: 0 | AF14: 5
B15: MINBIOPIGW_S2 | C15: Pig waste - Me | D15: ACT_BND | E15: BIOSLU | F15: PJ | G15: 0 | H15: 0 | I15: 0 | J15: 0 | K15: 0 | L15: 0 | M15: 0 | N15: 0 | O15: 0 | P15: 0 | Q15: 0 | R15: 0 | S15: 0 | T15: 0 | U15: 0 | V15: 0 | W15: 0 | X15: 0 | Y15: 0 | Z15: 0 | AA15: 0 | AB15: 0 | AC15: 0 | AD15: 0 | AE15: 0 | AF15: 5
B16: MINBIOCATW_S3 | C16: Cattle waste - Hi | D16: ACT_BND | E16: BIOSLU | F16: PJ | G16: 0 | H16: 0 | I16: 0 | J16: 0 | K16: 0 | L16: 0 | M16: 0 | N16: 0 | O16: 0 | P16: 0 | Q16: 0 | R16: 0 | S16: 0 | T16: 0 | U16: 0 | V16: 0 | W16: 0 | X16: 0 | Y16: 0 | Z16: 0 | AA16: 0 | AB16: 0 | AC16: 0 | AD16: 0 | AE16: 0 | AF16: 5
B17: MINBIOPIGW_S3 | C17: Pig waste - Hi | D17: ACT_BND | E17: BIOSLU | F17: PJ | G17: 0 | H17: 0 | I17: 0 | J17: 0 | K17: 0 | L17: 0 | M17: 0 | N17: 0 | O17: 0 | P17: 0 | Q17: 0 | R17: 0 | S17: 0 | T17: 0 | U17: 0 | V17: 0 | W17: 0 | X17: 0 | Y17: 0 | Z17: 0 | AA17: 0 | AB17: 0 | AC17: 0 | AD17: 0 | AE17: 0 | AF17: 5
A19: Average | B19: Cattle | G19: =AVERAGE(G12,G14,G16) -> 0.011911338 | H19: =AVERAGE(H12,H14,H16) -> 0.01217949 | I19: =AVERAGE(I12,I14,I16) -> 0.012447642 | J19: =AVERAGE(J12,J14,J16) -> 0.012715794 | K19: =AVERAGE(K12,K14,K16) -> 0.013113476 | L19: =AVERAGE(L12,L14,L16) -> 0.013238489 | M19: =AVERAGE(M12,M14,M16) -> 0.013472822 | N19: =AVERAGE(N12,N14,N16) -> 0.01378727 | ... AE19: =AVERAGE(AE12,AE14,AE16) -> 0
B20: Pig | G20: =AVERAGE(G13,G15,G17) -> 0.33720455 | H20: =AVERAGE(H13,H15,H17) -> 0.33438581 | I20: =AVERAGE(I13,I15,I17) -> 0.33156708 | J20: =AVERAGE(J13,J15,J17) -> 0.32874834 | K20: =AVERAGE(K13,K15,K17) -> 0.32919268 | L20: =AVERAGE(L13,L15,L17) -> 0.33168745 | M20: =AVERAGE(M13,M15,M17) -> 0.3336148 | N20: =AVERAGE(N13,N15,N17) -> 0.33491994 | ... AE20: =AVERAGE(AE13,AE15,AE17) -> 0.6252
C21: Price as per SEAI curve
B22: TFM_INS-TS
B23: Pset_PN | C23: *Description | D23: Attribute | E23: Curr | F23: *Output | G23: *Unit | H23: 2012 | I23: 2013 | J23: 2014 | K23: 2015 | L23: 2016 | M23: 2017 | N23: 2018 | O23: 2019 | P23: 2020 | Q23: 2021 | R23: 2022 | S23: 2023 | T23: 2024 | U23: 2025 | V23: 2026 | W23: 2027 | X23: 2028 | Y23: 2029 | Z23: 2030 | AA23: 2031 | AB23: 2032 | AC23: 2033 | AD23: 2034 | AE23: 2035 | AF23: 0
B24: MINBIOCATW_S1 | C24: Cattle waste - Lo | D24: COST | E24: MEUR2014 | F24: BIOSLU | G24: €14/GJ | H24: 0 | I24: 0 | J24: 0 | K24: 0 | L24: 0 | M24: 0 | N24: 0 | O24: 0 | P24: 0 | Q24: 0 | R24: 0 | S24: 0 | T24: 0 | U24: 0 | V24: 0 | W24: 0 | X24: 0 | Y24: 0 | Z24: 0 | AA24: 0 | AB24: 0 | AC24: 0 | AD24: 0 | AE24: 0 | AF24: 5
B25: MINBIOPIGW_S1 | C25: Pig waste - Lo | D25: COST | E25: MEUR2014 | F25: BIOSLU | G25: €14/GJ | H25: 0 | I25: 0 | J25: 0 | K25: 0 | L25: 0 | M25: 0 | N25: 0 | O25: 0 | P25: 0 | Q25: 0 | R25: 0 | S25: 0 | T25: 0 | U25: 0 | V25: 0 | W25: 0 | X25: 0 | Y25: 0 | Z25: 0 | AA25: 0 | AB25: 0 | AC25: 0 | AD25: 0 | AE25: 0 | AF25: 5
B26: MINBIOCATW_S2 | C26: Cattle waste - Me | D26: COST | E26: MEUR2014 | F26: BIOSLU | G26: €14/GJ | H26: 4.3634211 | I26: 4.3634211 | J26: 4.3634211 | K26: 4.3634211 | L26: 4.3634211 | M26: 4.3634211 | N26: 4.3634211 | O26: 4.3634211 | P26: 4.3634211 | Q26: 4.3634211 | R26: 4.3634211 | S26: 4.9533246 | T26: 4.3634211 | U26: 4.3634211 | V26: 4.3634211 | W26: 4.3634211 | X26: 4.3634211 | Y26: 4.3634211 | Z26: 4.3634211 | AA26: 4.3634211 | AB26: 4.3634211 | AC26: 4.3634211 | AD26: 4.3634211 | AE26: 4.3634211 | AF26: 5
B27: MINBIOPIGW_S2 | C27: Pig waste - Me | D27: COST | E27: MEUR2014 | F27: BIOSLU | G27: €14/GJ | H27: 4.1371696 | I27: 4.1371696 | J27: 4.1371696 | K27: 4.1371696 | L27: 4.1371696 | M27: 4.1371696 | N27: 4.1371696 | O27: 4.1371696 | P27: 4.1371696 | Q27: 4.1371696 | R27: 4.1371696 | S27: 4.1371696 | T27: 4.1371696 | U27: 4.1371696 | V27: 4.1371696 | W27: 4.1371696 | X27: 4.1371696 | Y27: 4.1371696 | Z27: 4.1371696 | AA27: 4.1371696 | AB27: 4.1371696 | AC27: 4.1371696 | AD27: 4.1371696 | AE27: 4.1371696 | AF27: 5
B28: MINBIOCATW_S3 | C28: Cattle waste - Hi | D28: COST | E28: MEUR2014 | F28: BIOSLU | G28: €14/GJ | H28: 9.434424 | I28: 9.434424 | J28: 9.434424 | K28: 9.434424 | L28: 9.434424 | M28: 9.434424 | N28: 9.434424 | O28: 9.434424 | P28: 9.434424 | Q28: 9.434424 | R28: 9.434424 | S28: 10.709891 | T28: 9.434424 | U28: 9.434424 | V28: 9.434424 | W28: 9.434424 | X28: 9.434424 | Y28: 9.434424 | Z28: 9.434424 | AA28: 9.434424 | AB28: 9.434424 | AC28: 9.434424 | AD28: 9.434424 | AE28: 9.434424 | AF28: 5
B29: MINBIOPIGW_S3 | C29: Pig waste - Hi | D29: COST | E29: MEUR2014 | F29: BIOSLU | G29: €14/GJ | H29: 8.9452316 | I29: 8.9452316 | J29: 8.9452316 | K29: 8.9452316 | L29: 8.9452316 | M29: 8.9452316 | N29: 8.9452316 | O29: 8.9452316 | P29: 8.9452316 | Q29: 8.9452316 | R29: 8.9452316 | S29: 8.9452316 | T29: 8.9452316 | U29: 8.9452316 | V29: 8.9452316 | W29: 8.9452316 | X29: 8.9452316 | Y29: 8.9452316 | Z29: 8.9452316 | AA29: 8.9452316 | AB29: 8.9452316 | AC29: 8.9452316 | AD29: 8.9452316 | AE29: 8.9452316 | AF29: 5
A31: Average | C31: Cattle | H31: =AVERAGE(H24,H26,H28) -> 4.5992817 | I31: =AVERAGE(I24,I26,I28) -> 4.5992817 | J31: =AVERAGE(J24,J26,J28) -> 4.5992817 | K31: =AVERAGE(K24,K26,K28) -> 4.5992817 | L31: =AVERAGE(L24,L26,L28) -> 4.5992817 | M31: =AVERAGE(M24,M26,M28) -> 4.5992817 | N31: =AVERAGE(N24,N26,N28) -> 4.5992817 | O31: =AVERAGE(O24,O26,O28) -> 4.5992817 | ... AE31: =AVERAGE(AE24,AE26,AE28) -> 4.5992817
C32: Pig | H32: =AVERAGE(H25,H27,H29) -> 4.3608004 | I32: =AVERAGE(I25,I27,I29) -> 4.3608004 | J32: =AVERAGE(J25,J27,J29) -> 4.3608004 | K32: =AVERAGE(K25,K27,K29) -> 4.3608004 | L32: =AVERAGE(L25,L27,L29) -> 4.3608004 | M32: =AVERAGE(M25,M27,M29) -> 4.3608004 | N32: =AVERAGE(N25,N27,N29) -> 4.3608004 | O32: =AVERAGE(O25,O27,O29) -> 4.3608004 | ... AE32: =AVERAGE(AE25,AE27,AE29) -> 4.3608004
H36: =H24+H26+H28 -> 13.797845
H37: =H36/3 -> 4.5992817

Sheet Sheet1
D10: Crop | E10: Energy Potential (toe) | F10: Efficiency (GJ/ha) | G10: Approx. Land Use (ha) | H10: Mha
D11: Wheat | E11: 0 | F11: 44 | G11: =(E11*41.888)/F11 -> 0 | H11: =G11/10^6 -> 0
D12: Miscanthus | E12: 0 | F12: 156 | G12: =(E12*41.888)/F12 -> 0 | H12: =G12/10^6 -> 0
D13: Willow | E13: 5305.1688 | F13: 83 | G13: =(E13*41.888)/F13 -> 2677.3844 | H13: =G13/10^6 -> 0.0026773844
D14: OSR | E14: 29072.586 | F14: 9 | G14: =(E14*41.888)/F14 -> 135310.27 | H14: =G14/10^6 -> 0.13531027
D15: Anaerobic (Grass) | E15: 110008.15 | F15: 159 | G15: =(E15*41.888)/F15 -> 28981.266 | H15: =G15/10^6 -> 0.028981266
D16: Wheat | E16: 2732.6455 | F16: 44 | G16: =(E16*41.888)/F16 -> 2601.4785 | H16: =G16/10^6 -> 0.0026014785
D17: Miscanthus | E17: 1477.2332 | F17: 156 | G17: =(E17*41.888)/F17 -> 396.65606 | H17: =G17/10^6 -> 0.00039665606
D18: Willow | E18: 0 | F18: 83 | G18: =(E18*41.888)/F18 -> 0 | H18: =G18/10^6 -> 0
D19: OSR | E19: 0 | F19: 9 | G19: =(E19*41.888)/F19 -> 0 | H19: =G19/10^6 -> 0
D20: Anaerobic (Grass) | E20: 28949.513 | F20: 159 | G20: =(E20*41.888)/F20 -> 7626.649 | H20: =G20/10^6 -> 0.007626649
E24: Total | F24: Set 1 | G24: Set 2
E25: Cropland for energy | F25: =SUM(H11:H14) -> 0.13798766 | G25: =SUM(H16:H19) -> 0.0029981345
E26: Grass for energy | F26: =H15 -> 0.028981266 | G26: =H20 -> 0.007626649
E28: % out of total land type
D29: Cropland (2018) | E29: 0.746739 | F29: =F25/E29 -> 0.184787 | G29: =G25/E29 -> 0.0040149698
D30: Grassland (2018) | E30: 4.23413 | F30: =F26/E30 -> 0.0068446803 | G30: =G26/E30 -> 0.0018012317

Sheet SEAI
B1: Source: SEAI, 2022. https://www.seai.ie/data-and-insights/national-heat-study/sustainable-bioenergy-for/
B3: Worksheet Title: Resource availability data
B4: Availability and price for resources where availability (Note: Does not change by scenario within the heat study)
B6: Bioenergy
B8: Feedstock | C8: Price | D8: 2020 | E8: 2025 | F8: 2030 | G8: 2035 | H8: 2040 | I8: 2045 | J8: 2050 | L8: Price | M8: 2020 | N8: 2025 | O8: 2030 | P8: 2035 | Q8: 2040 | R8: 2045 | S8: 2050
C9: €/MWh | D9: GWh | E9: GWh | F9: GWh | G9: GWh | H9: GWh | I9: GWh | J9: GWh | L9: €/GJ | M9: PJ | N9: PJ | O9: PJ | P9: PJ | Q9: PJ | R9: PJ | S9: PJ
B10: Forestry thinnings | C10: 29 | D10: 59 | E10: 62 | F10: 43 | G10: 22 | H10: 11 | I10: 11 | J10: 11 | L10: =C10/3.6 -> 8.0555556 | M10: =D10*3.6/1000 -> 0.2124 | N10: =E10*3.6/1000 -> 0.2232 | O10: =F10*3.6/1000 -> 0.1548 | P10: =G10*3.6/1000 -> 0.0792 | Q10: =H10*3.6/1000 -> 0.0396 | R10: =I10*3.6/1000 -> 0.0396 | S10: =J10*3.6/1000 -> 0.0396
B11: Forestry thinnings | C11: 18 | D11: 0 | E11: 3 | F11: 14 | G11: 22 | H11: 34 | I11: 34 | J11: 34 | L11: =C11/3.6 -> 5 | M11: =D11*3.6/1000 -> 0 | N11: =E11*3.6/1000 -> 0.0108 | O11: =F11*3.6/1000 -> 0.0504 | P11: =G11*3.6/1000 -> 0.0792 | Q11: =H11*3.6/1000 -> 0.1224 | R11: =I11*3.6/1000 -> 0.1224 | S11: =J11*3.6/1000 -> 0.1224
B12: Forestry thinnings | C12: 17 | D12: 1088 | E12: 1340 | F12: 1549 | G12: 1512 | H12: 1415 | I12: 1163 | J12: 723 | L12: =C12/3.6 -> 4.7222222 | M12: =D12*3.6/1000 -> 3.9168 | N12: =E12*3.6/1000 -> 4.824 | O12: =F12*3.6/1000 -> 5.5764 | P12: =G12*3.6/1000 -> 5.4432 | Q12: =H12*3.6/1000 -> 5.094 | R12: =I12*3.6/1000 -> 4.1868 | S12: =J12*3.6/1000 -> 2.6028
B13: Sawmill residues | C13: 16 | D13: 1544 | E13: 1989 | F13: 2451 | G13: 3001 | H13: 3648 | I13: 3648 | J13: 3648 | L13: =C13/3.6 -> 4.4444444 | M13: =D13*3.6/1000 -> 5.5584 | N13: =E13*3.6/1000 -> 7.1604 | O13: =F13*3.6/1000 -> 8.8236 | P13: =G13*3.6/1000 -> 10.8036 | Q13: =H13*3.6/1000 -> 13.1328 | R13: =I13*3.6/1000 -> 13.1328 | S13: =J13*3.6/1000 -> 13.1328
B14: Straw | C14: 25 | D14: 7 | E14: 0 | F14: 10 | G14: 10 | H14: 10 | I14: 10 | J14: 10 | L14: =C14/3.6 -> 6.9444444 | M14: =D14*3.6/1000 -> 0.0252 | N14: =E14*3.6/1000 -> 0 | O14: =F14*3.6/1000 -> 0.036 | P14: =G14*3.6/1000 -> 0.036 | Q14: =H14*3.6/1000 -> 0.036 | R14: =I14*3.6/1000 -> 0.036 | S14: =J14*3.6/1000 -> 0.036
B15: Straw | C15: 15 | D15: 26 | E15: 0 | F15: 37 | G15: 37 | H15: 37 | I15: 37 | J15: 37 | L15: =C15/3.6 -> 4.1666667 | M15: =D15*3.6/1000 -> 0.0936 | N15: =E15*3.6/1000 -> 0 | O15: =F15*3.6/1000 -> 0.1332 | P15: =G15*3.6/1000 -> 0.1332 | Q15: =H15*3.6/1000 -> 0.1332 | R15: =I15*3.6/1000 -> 0.1332 | S15: =J15*3.6/1000 -> 0.1332
B16: Straw | C16: 10 | D16: 14 | E16: 0 | F16: 20 | G16: 20 | H16: 20 | I16: 20 | J16: 20 | L16: =C16/3.6 -> 2.7777778 | M16: =D16*3.6/1000 -> 0.0504 | N16: =E16*3.6/1000 -> 0 | O16: =F16*3.6/1000 -> 0.072 | P16: =G16*3.6/1000 -> 0.072 | Q16: =H16*3.6/1000 -> 0.072 | R16: =I16*3.6/1000 -> 0.072 | S16: =J16*3.6/1000 -> 0.072
B17: Pig slurry | C17: 0 | D17: 500 | E17: 506 | F17: 521 | G17: 521 | H17: 521 | I17: 521 | J17: 521 | L17: =C17/3.6 -> 0 | M17: =D17*3.6/1000 -> 1.8 | N17: =E17*3.6/1000 -> 1.8216 | O17: =F17*3.6/1000 -> 1.8756 | P17: =G17*3.6/1000 -> 1.8756 | Q17: =H17*3.6/1000 -> 1.8756 | R17: =I17*3.6/1000 -> 1.8756 | S17: =J17*3.6/1000 -> 1.8756
B18: Residual waste | C18: -47 | D18: 1846 | E18: 1262 | F18: 1018 | G18: 680 | H18: 712 | I18: 732 | J18: 737 | L18: =C18/3.6 -> -13.055556 | M18: =D18*3.6/1000 -> 6.6456 | N18: =E18*3.6/1000 -> 4.5432 | O18: =F18*3.6/1000 -> 3.6648 | P18: =G18*3.6/1000 -> 2.448 | Q18: =H18*3.6/1000 -> 2.5632 | R18: =I18*3.6/1000 -> 2.6352 | S18: =J18*3.6/1000 -> 2.6532
B19: Waste wood | C19: 4 | D19: 75 | E19: 85 | F19: 96 | G19: 107 | H19: 115 | I19: 120 | J19: 122 | L19: =C19/3.6 -> 1.1111111 | M19: =D19*3.6/1000 -> 0.27 | N19: =E19*3.6/1000 -> 0.306 | O19: =F19*3.6/1000 -> 0.3456 | P19: =G19*3.6/1000 -> 0.3852 | Q19: =H19*3.6/1000 -> 0.414 | R19: =I19*3.6/1000 -> 0.432 | S19: =J19*3.6/1000 -> 0.4392
B20: Waste wood | C20: 0 | D20: 0 | E20: 0 | F20: 54 | G20: 120 | H20: 130 | I20: 136 | J20: 137 | L20: =C20/3.6 -> 0 | M20: =D20*3.6/1000 -> 0 | N20: =E20*3.6/1000 -> 0 | O20: =F20*3.6/1000 -> 0.1944 | P20: =G20*3.6/1000 -> 0.432 | Q20: =H20*3.6/1000 -> 0.468 | R20: =I20*3.6/1000 -> 0.4896 | S20: =J20*3.6/1000 -> 0.4932
B21: Waste wood | C21: -3 | D21: 170 | E21: 192 | F21: 163 | G21: 120 | H21: 130 | I21: 136 | J21: 137 | L21: =C21/3.6 -> -0.83333333 | M21: =D21*3.6/1000 -> 0.612 | N21: =E21*3.6/1000 -> 0.6912 | O21: =F21*3.6/1000 -> 0.5868 | P21: =G21*3.6/1000 -> 0.432 | Q21: =H21*3.6/1000 -> 0.468 | R21: =I21*3.6/1000 -> 0.4896 | S21: =J21*3.6/1000 -> 0.4932
... B30: Tallow | C30: 31 | D30: 350 | E30: 356 | F30: 355 | G30: 355 | H30: 355 | I30: 355 | J30: 355 | L30: =C30/3.6 -> 8.6111111 | M30: =D30*3.6/1000 -> 1.26 | N30: =E30*3.6/1000 -> 1.2816 | O30: =F30*3.6/1000 -> 1.278 | P30: =G30*3.6/1000 -> 1.278 | Q30: =H30*3.6/1000 -> 1.278 | R30: =I30*3.6/1000 -> 1.278 | S30: =J30*3.6/1000 -> 1.278
B33: Worksheet Title: Resource availability data
B34: 50/50 Silage and slurry AD mix by scenario (for further information on the scenario definition please refer the www.seai.ie/publications/Sustainable-Bioenergy-for-Heat.pdf )
B36: AD (grass silage-slurry mix)
B38: Feedstock | C38: Price | D38: 2020 | E38: 2025 | F38: 2030 | G38: 2035 | H38: 2040 | I38: 2045 | J38: 2050 | L38: Price | M38: 2020 | N38: 2025 | O38: 2030 | P38: 2035 | Q38: 2040 | R38: 2045 | S38: 2050
C39: €/MWh | D39: GWh | E39: GWh | F39: GWh | G39: GWh | H39: GWh | I39: GWh | J39: GWh | L39: €/GJ | M39: PJ | N39: PJ | O39: PJ | P39: PJ | Q39: PJ | R39: PJ | S39: PJ
B40: Baseline | C40: 52.9 | D40: 0 | E40: 477 | F40: 1271 | G40: 1271 | H40: 1271 | I40: 1271 | J40: 1271 | L40: =C40/3.6 -> 14.694444 | M40: =D40*3.6/1000 -> 0 | N40: =E40*3.6/1000 -> 1.7172 | O40: =F40*3.6/1000 -> 4.5756 | P40: =G40*3.6/1000 -> 4.5756 | Q40: =H40*3.6/1000 -> 4.5756 | R40: =I40*3.6/1000 -> 4.5756 | S40: =J40*3.6/1000 -> 4.5756
B41: Baseline | C41: 55.1 | D41: 0 | E41: 0 | F41: 0 | G41: 0 | H41: 0 | I41: 0 | J41: 0 | L41: =C41/3.6 -> 15.305556 | M41: =D41*3.6/1000 -> 0 | N41: =E41*3.6/1000 -> 0 | O41: =F41*3.6/1000 -> 0 | P41: =G41*3.6/1000 -> 0 | Q41: =H41*3.6/1000 -> 0 | R41: =I41*3.6/1000 -> 0 | S41: =J41*3.6/1000 -> 0
B42: Decarbonised Gas | C42: 52.9 | D42: 0 | E42: 477 | F42: 1271 | G42: 1271 | H42: 1271 | I42: 1271 | J42: 1271 | L42: =C42/3.6 -> 14.694444 | M42: =D42*3.6/1000 -> 0 | N42: =E42*3.6/1000 -> 1.7172 | O42: =F42*3.6/1000 -> 4.5756 | P42: =G42*3.6/1000 -> 4.5756 | Q42: =H42*3.6/1000 -> 4.5756 | R42: =I42*3.6/1000 -> 4.5756 | S42: =J42*3.6/1000 -> 4.5756
B43: Decarbonised Gas | C43: 55.1 | D43: 0 | E43: 677 | F43: 1805 | G43: 1805 | H43: 1805 | I43: 1805 | J43: 1805 | L43: =C43/3.6 -> 15.305556 | M43: =D43*3.6/1000 -> 0 | N43: =E43*3.6/1000 -> 2.4372 | O43: =F43*3.6/1000 -> 6.498 | P43: =G43*3.6/1000 -> 6.498 | Q43: =H43*3.6/1000 -> 6.498 | R43: =I43*3.6/1000 -> 6.498 | S43: =J43*3.6/1000 -> 6.498
B44: High Electrification | C44: 52.9 | D44: 0 | E44: 0 | F44: 0 | G44: 0 | H44: 0 | I44: 0 | J44: 0 | L44: =C44/3.6 -> 14.694444 | M44: =D44*3.6/1000 -> 0 | N44: =E44*3.6/1000 -> 0 | O44: =F44*3.6/1000 -> 0 | P44: =G44*3.6/1000 -> 0 | Q44: =H44*3.6/1000 -> 0 | R44: =I44*3.6/1000 -> 0 | S44: =J44*3.6/1000 -> 0
B45: High Electrification | C45: 55.1 | D45: 0 | E45: 0 | F45: 0 | G45: 0 | H45: 0 | I45: 0 | J45: 0 | L45: =C45/3.6 -> 15.305556 | M45: =D45*3.6/1000 -> 0 | N45: =E45*3.6/1000 -> 0 | O45: =F45*3.6/1000 -> 0 | P45: =G45*3.6/1000 -> 0 | Q45: =H45*3.6/1000 -> 0 | R45: =I45*3.6/1000 -> 0 | S45: =J45*3.6/1000 -> 0
B46: Balanced | C46: 52.9 | D46: 0 | E46: 238 | F46: 635 | G46: 635 | H46: 635 | I46: 635 | J46: 635 | L46: =C46/3.6 -> 14.694444 | M46: =D46*3.6/1000 -> 0 | N46: =E46*3.6/1000 -> 0.8568 | O46: =F46*3.6/1000 -> 2.286 | P46: =G46*3.6/1000 -> 2.286 | Q46: =H46*3.6/1000 -> 2.286 | R46: =I46*3.6/1000 -> 2.286 | S46: =J46*3.6/1000 -> 2.286
B47: Balanced | C47: 55.1 | D47: 0 | E47: 339 | F47: 903 | G47: 903 | H47: 903 | I47: 903 | J47: 903 | L47: =C47/3.6 -> 15.305556 | M47: =D47*3.6/1000 -> 0 | N47: =E47*3.6/1000 -> 1.2204 | O47: =F47*3.6/1000 -> 3.2508 | P47: =G47*3.6/1000 -> 3.2508 | Q47: =H47*3.6/1000 -> 3.2508 | R47: =I47*3.6/1000 -> 3.2508 | S47: =J47*3.6/1000 -> 3.2508
B48: Rapid Progress | C48: 52.9 | D48: 0 | E48: 1233 | F48: 3287 | G48: 3287 | H48: 3287 | I48: 3287 | J48: 3287 | L48: =C48/3.6 -> 14.694444 | M48: =D48*3.6/1000 -> 0 | N48: =E48*3.6/1000 -> 4.4388 | O48: =F48*3.6/1000 -> 11.8332 | P48: =G48*3.6/1000 -> 11.8332 | Q48: =H48*3.6/1000 -> 11.8332 | R48: =I48*3.6/1000 -> 11.8332 | S48: =J48*3.6/1000 -> 11.8332
B49: Rapid Progress | C49: 55.1 | D49: 0 | E49: 538 | F49: 1434 | G49: 1434 | H49: 1434 | I49: 1434 | J49: 1434 | L49: =C49/3.6 -> 15.305556 | M49: =D49*3.6/1000 -> 0 | N49: =E49*3.6/1000 -> 1.9368 | O49: =F49*3.6/1000 -> 5.1624 | P49: =G49*3.6/1000 -> 5.1624 | Q49: =H49*3.6/1000 -> 5.1624 | R49: =I49*3.6/1000 -> 5.1624 | S49: =J49*3.6/1000 -> 5.1624
B53: Worksheet Title: Resource availability data
B54: Availability and price of Willow Short Rotation Coppice
B56: Willow Short Rotation Coppice
B58: Feedstock | C58: Price | D58: 2020 | E58: 2025 | F58: 2030 | G58: 2035 | H58: 2040 | I58: 2045 | J58: 2050 | L58: Price | M58: 2020 | N58: 2025 | O58: 2030 | P58: 2035 | Q58: 2040 | R58: 2045 | S58: 2050
C59: €/MWh | D59: GWh | E59: GWh | F59: GWh | G59: GWh | H59: GWh | I59: GWh | J59: GWh | L59: €/GJ | M59: PJ | N59: PJ | O59: PJ | P59: PJ | Q59: PJ | R59: PJ | S59: PJ
B60: Baseline | C60: 23 | D60: 15 | E60: 15 | F60: 15 | G60: 15 | H60: 15 | I60: 15 | J60: 15 | L60: =C60/3.6 -> 6.3888889 | M60: =D60*3.6/1000 -> 0.054 | N60: =E60*3.6/1000 -> 0.054 | O60: =F60*3.6/1000 -> 0.054 | P60: =G60*3.6/1000 -> 0.054 | Q60: =H60*3.6/1000 -> 0.054 | R60: =I60*3.6/1000 -> 0.054 | S60: =J60*3.6/1000 -> 0.054
B61: Baseline | C61: 25.6 | D61: 0 | E61: 0 | F61: 0 | G61: 0 | H61: 0 | I61: 0 | J61: 0 | L61: =C61/3.6 -> 7.1111111 | M61: =D61*3.6/1000 -> 0 | N61: =E61*3.6/1000 -> 0 | O61: =F61*3.6/1000 -> 0 | P61: =G61*3.6/1000 -> 0 | Q61: =H61*3.6/1000 -> 0 | R61: =I61*3.6/1000 -> 0 | S61: =J61*3.6/1000 -> 0
B62: Decarbonised Gas | C62: 23 | D62: 15 | E62: 15 | F62: 15 | G62: 15 | H62: 15 | I62: 15 | J62: 15 | L62: =C62/3.6 -> 6.3888889 | M62: =D62*3.6/1000 -> 0.054 | N62: =E62*3.6/1000 -> 0.054 | O62: =F62*3.6/1000 -> 0.054 | P62: =G62*3.6/1000 -> 0.054 | Q62: =H62*3.6/1000 -> 0.054 | R62: =I62*3.6/1000 -> 0.054 | S62: =J62*3.6/1000 -> 0.054
B63: Decarbonised Gas | C63: 25.6 | D63: 0 | E63: 0 | F63: 0 | G63: 0 | H63: 0 | I63: 0 | J63: 0 | L63: =C63/3.6 -> 7.1111111 | M63: =D63*3.6/1000 -> 0 | N63: =E63*3.6/1000 -> 0 | O63: =F63*3.6/1000 -> 0 | P63: =G63*3.6/1000 -> 0 | Q63: =H63*3.6/1000 -> 0 | R63: =I63*3.6/1000 -> 0 | S63: =J63*3.6/1000 -> 0
B64: High Electrification | C64: 23 | D64: 15 | E64: 245 | F64: 1089 | G64: 1682 | H64: 1682 | I64: 1682 | J64: 1682 | L64: =C64/3.6 -> 6.3888889 | M64: =D64*3.6/1000 -> 0.054 | N64: =E64*3.6/1000 -> 0.882 | O64: =F64*3.6/1000 -> 3.9204 | P64: =G64*3.6/1000 -> 6.0552 | Q64: =H64*3.6/1000 -> 6.0552 | R64: =I64*3.6/1000 -> 6.0552 | S64: =J64*3.6/1000 -> 6.0552
B65: High Electrification | C65: 25.6 | D65: 0 | E65: 0 | F65: 0 | G65: 1159 | H65: 2541 | I65: 2541 | J65: 2541 | L65: =C65/3.6 -> 7.1111111 | M65: =D65*3.6/1000 -> 0 | N65: =E65*3.6/1000 -> 0 | O65: =F65*3.6/1000 -> 0 | P65: =G65*3.6/1000 -> 4.1724 | Q65: =H65*3.6/1000 -> 9.1476 | R65: =I65*3.6/1000 -> 9.1476 | S65: =J65*3.6/1000 -> 9.1476
B66: Balanced | C66: 23 | D66: 15 | E66: 122 | F66: 545 | G66: 841 | H66: 841 | I66: 841 | J66: 841 | L66: =C66/3.6 -> 6.3888889 | M66: =D66*3.6/1000 -> 0.054 | N66: =E66*3.6/1000 -> 0.4392 | O66: =F66*3.6/1000 -> 1.962 | P66: =G66*3.6/1000 -> 3.0276 | Q66: =H66*3.6/1000 -> 3.0276 | R66: =I66*3.6/1000 -> 3.0276 | S66: =J66*3.6/1000 -> 3.0276
B67: Balanced | C67: 25.6 | D67: 0 | E67: 0 | F67: 0 | G67: 580 | H67: 1270 | I67: 1270 | J67: 1270 | L67: =C67/3.6 -> 7.1111111 | M67: =D67*3.6/1000 -> 0 | N67: =E67*3.6/1000 -> 0 | O67: =F67*3.6/1000 -> 0 | P67: =G67*3.6/1000 -> 2.088 | Q67: =H67*3.6/1000 -> 4.572 | R67: =I67*3.6/1000 -> 4.572 | S67: =J67*3.6/1000 -> 4.572
B68: Rapid Progress | C68: 23 | D68: 15 | E68: 15 | F68: 15 | G68: 15 | H68: 15 | I68: 15 | J68: 15 | L68: =C68/3.6 -> 6.3888889 | M68: =D68*3.6/1000 -> 0.054 | N68: =E68*3.6/1000 -> 0.054 | O68: =F68*3.6/1000 -> 0.054 | P68: =G68*3.6/1000 -> 0.054 | Q68: =H68*3.6/1000 -> 0.054 | R68: =I68*3.6/1000 -> 0.054 | S68: =J68*3.6/1000 -> 0.054
B69: Rapid Progress | C69: 25.6 | D69: 0 | E69: 0 | F69: 0 | G69: 0 | H69: 0 | I69: 0 | J69: 0 | L69: =C69/3.6 -> 7.1111111 | M69: =D69*3.6/1000 -> 0 | N69: =E69*3.6/1000 -> 0 | O69: =F69*3.6/1000 -> 0 | P69: =G69*3.6/1000 -> 0 | Q69: =H69*3.6/1000 -> 0 | R69: =I69*3.6/1000 -> 0 | S69: =J69*3.6/1000 -> 0

Sheet BioenergySupply-EnhancedSupply
A1: Resource at low price | AD1: Low Price
A2: Feedstock | B2: Data Set | C2: Total Available for Bioenergy use (toe) | AD2: Feestock price (€/toe)
C3: 2010 | D3: 2011 | E3: 2012 | F3: 2013 | G3: 2014 | H3: 2015 | I3: 2016 | J3: 2017 | K3: 2018 | L3: 2019 | M3: 2020 | N3: 2021 | O3: 2022 | P3: 2023 | Q3: 2024 | R3: 2025 | S3: 2026 | T3: 2027 | U3: 2028 | V3: 2029 | W3: 2030 | X3: 2031 | Y3: 2032 | Z3: 2033 | AA3: 2034 | AB3: 2035 | AD3: 2010 | AE3: 2011 | AF3: 2012 | AG3: 2013 | AH3: 2014 | AI3: 2015 | AJ3: 2016 | AK3: 2017 | AL3: 2018 | AM3: 2019 | AN3: 2020 | AO3: 2021 | AP3: 2022 | AQ3: 2023 | AR3: 2024 | AS3: 2025 | AT3: 2026 | AU3: 2027 | AV3: 2028 | AW3: 2029 | AX3: 2030 | AY3: 2031 | AZ3: 2032 | BA3: 2033 | BB3: 2034 | BC3: 2035 | BG3: Potentials at low price
BG4: TFM_INS-TS | CL4: TFM_INS-TS
BG5: Pset_PN | BH5: *Description | BI5: Attribute | BJ5: *Output | BK5: *Unit | BL5: 2012 | BM5: 2013 | BN5: 2014 | BO5: 2015 | BP5: 2016 | BQ5: 2017 | BR5: 2018 | BS5: 2019 | BT5: 2020 | BU5: 2021 | BV5: 2022 | BW5: 2023 | BX5: 2024 | BY5: 2025 | BZ5: 2026 | CA5: 2027 | CB5: 2028 | CC5: 2029 | CD5: 2030 | CE5: 2031 | CF5: 2032 | CG5: 2033 | CH5: 2034 | CI5: 2035 | CJ5: 2050 | CL5: Pset_PN | CM5: *Description | CN5: Attribute | CO5: Curr | CP5: *Output | CQ5: *Unit | CR5: 2012 | CS5: 2013 | CT5: 2014 | CU5: 2015 | CV5: 2016 | CW5: 2017 | CX5: 2018 | CY5: 2019 | CZ5: 2020 | DA5: 2021 | DB5: 2022 | DC5: 2023 | DD5: 2024 | DE5: 2025 | DF5: 2026 | DG5: 2027 | DH5: 2028 | DI5: 2029 | DJ5: 2030 | DK5: 2031 | DL5: 2032 | DM5: 2033 | DN5: 2034 | DO5: 2035
A6: Forest thinnings - Lo | B6: Forest | C6: 44167.383 | D6: 58670.106 | E6: 47298.653 | F6: 63449.412 | G6: 54385.211 | H6: 60016.003 | I6: 65646.795 | J6: 46721.84 | K6: 34389.032 | L6: 67377.233 | M6: 78116.939 | N6: 72237.914 | O6: 115737.81 | P6: 195427.64 | Q6: 239777.85 | R6: 270702.44 | S6: 295777.41 | T6: 330983.63 | U6: 238045.64 | V6: 282127.24 | W6: 264469.8 | X6: 261701.52 | Y6: 294087.6 | Z6: 304765.03 | AA6: 326688.68 | AB6: 458240.33 | AD6: 144.4446 | AE6: 144.4446 | AF6: 144.4446 | AG6: 144.4446 | AH6: 144.4446 | AI6: 144.4446 | AJ6: 144.4446 | AK6: 144.4446 | AL6: 144.4446 | AM6: 144.4446 | AN6: 144.4446 | AO6: 144.4446 | AP6: 144.4446 | AQ6: 144.4446 | AR6: 144.4446 | AS6: 144.4446 | AT6: 144.4446 | AU6: 144.4446 | AV6: 144.4446 | AW6: 144.4446 | AX6: 144.4446 | AY6: 144.4446 | AZ6: 144.4446 | BA6: 144.4446 | BB6: 144.4446 | BC6: 144.4446 | BE6: 1 | BG6: ="ABIOFRSR"&BE6 -> ABIOFRSR1 | BH6: =A6 -> Forest thinnings - Lo | BI6: ACT_BND | BJ6: BIOWOO | BK6: PJ | BL6: =E6/1000*Conversions!$B$2 -> 1.9803 | BM6: =F6/1000*Conversions!$B$2 -> 2.6565 | BN6: =G6/1000*Conversions!$B$2 -> 2.277 | BO6: =H6/1000*Conversions!$B$2 -> 2.51275 | BP6: =I6/1000*Conversions!$B$2 -> 2.7485 | BQ6: =J6/1000*Conversions!$B$2 -> 1.95615 | BR6: =K6/1000*Conversions!$B$2 -> 1.4398 | BS6: =L6/1000*Conversions!$B$2 -> 2.82095 | ... CI6: =AB6/1000*Conversions!$B$2 -> 19.185606 | CJ6: =TREND(BL6:CI6,$BL$5:$CI$5,$CJ$5) -> 25.713571 | CL6: =BG6 -> ABIOFRSR1 | CM6: =BH6 -> Forest thinnings - Lo | CN6: ACTCOST | CO6: MEUR2014 | CP6: =BJ6 -> BIOWOO | CQ6: €14/GJ | CR6: =IF(AF6<0,0.01,AF6/Conversions!$B$3) -> 3.45 | CS6: =IF(AG6<0,0.01,AG6/Conversions!$B$3) -> 3.45 | CT6: =IF(AH6<0,0.01,AH6/Conversions!$B$3) -> 3.45 | CU6: =IF(AI6<0,0.01,AI6/Conversions!$B$3) -> 3.45 | CV6: =IF(AJ6<0,0.01,AJ6/Conversions!$B$3) -> 3.45 | CW6: =IF(AK6<0,0.01,AK6/Conversions!$B$3) -> 3.45 | CX6: =IF(AL6<0,0.01,AL6/Conversions!$B$3) -> 3.45 | CY6: =IF(AM6<0,0.01,AM6/Conversions!$B$3) -> 3.45 | ... DO6: =IF(BC6<0,0.01,BC6/Conversions!$B$3) -> 3.45
A7: Sawmill residues - Lo | B7: Sawmill | C7: 66580.682 | D7: 82072.227 | E7: 89488.392 | F7: 86357.122 | G7: 85697.908 | H7: 100130.34 | I7: 108535.13 | J7: 116928.29 | K7: 125309.68 | L7: 133679.14 | M7: 142036.55 | N7: 145559.22 | O7: 149159.73 | P7: 152839.75 | Q7: 156600.97 | R7: 160445.13 | S7: 164373.99 | T7: 168389.36 | U7: 172493.08 | V7: 176687.04 | W7: 180973.15 | X7: 185353.37 | Y7: 189829.71 | Z7: 194404.21 | AA7: 199078.95 | AB7: 203856.07 | AD7: 104.67 | AE7: 104.67 | AF7: 104.67 | AG7: 104.67 | AH7: 104.67 | AI7: 104.67 | AJ7: 104.67 | AK7: 104.67 | AL7: 104.67 | AM7: 104.67 | AN7: 104.67 | AO7: 104.67 | AP7: 104.67 | AQ7: 104.67 | AR7: 104.67 | AS7: 104.67 | AT7: 104.67 | AU7: 104.67 | AV7: 104.67 | AW7: 104.67 | AX7: 104.67 | AY7: 104.67 | AZ7: 104.67 | BA7: 104.67 | BB7: 104.67 | BC7: 104.67 | BE7: 1 | BG7: ="MINBIOWOO1"&BE7 -> MINBIOWOO11 | BH7: =A7 -> Sawmill residues - Lo | BI7: ACT_BND | BJ7: BIOWOO | BK7: PJ | BL7: =E7/1000*Conversions!$B$2 -> 3.7467 | BM7: =F7/1000*Conversions!$B$2 -> 3.6156 | BN7: =G7/1000*Conversions!$B$2 -> 3.588 | BO7: =H7/1000*Conversions!$B$2 -> 4.192257 | BP7: =I7/1000*Conversions!$B$2 -> 4.5441489 | BQ7: =J7/1000*Conversions!$B$2 -> 4.8955538 | BR7: =K7/1000*Conversions!$B$2 -> 5.2464656 | BS7: =L7/1000*Conversions!$B$2 -> 5.5968784 | ... CI7: =AB7/1000*Conversions!$B$2 -> 8.5350458 | CJ7: =TREND(BT7:CI7,$BT$5:$CI$5,$CJ$5) -> 11.052343 | CL7: =BG7 -> MINBIOWOO11 | CM7: =BH7 -> Sawmill residues - Lo | CN7: COST | CO7: MEUR2014 | CP7: =BJ7 -> BIOWOO | CQ7: €14/GJ | CR7: =IF(AF7<0,0.01,AF7/Conversions!$B$3) -> 2.5 | CS7: =IF(AG7<0,0.01,AG7/Conversions!$B$3) -> 2.5 | CT7: =IF(AH7<0,0.01,AH7/Conversions!$B$3) -> 2.5 | CU7: =IF(AI7<0,0.01,AI7/Conversions!$B$3) -> 2.5 | CV7: =IF(AJ7<0,0.01,AJ7/Conversions!$B$3) -> 2.5 | CW7: =IF(AK7<0,0.01,AK7/Conversions!$B$3) -> 2.5 | CX7: =IF(AL7<0,0.01,AL7/Conversions!$B$3) -> 2.5 | CY7: =IF(AM7<0,0.01,AM7/Conversions!$B$3) -> 2.5 | ... DO7: =IF(BC7<0,0.01,BC7/Conversions!$B$3) -> 2.5
A8: PCRW - Lo | B8: PCRW | C8: 21623.409 | D8: 16561.749 | E8: 15618.088 | F8: 16672.133 | G8: 16793.55 | H8: 17226.659 | I8: 17664.978 | J8: 18192.976 | K8: 18707.269 | L8: 19218.704 | M8: 19726.394 | N8: 19448.219 | O8: 19053.539 | P8: 18644.468 | Q8: 18190.13 | R8: 17757.167 | S8: 17311.964 | T8: 16848.622 | U8: 16366.683 | V8: 15865.681 | W8: 11508.855 | X8: 11687.822 | Y8: 11869.571 | Z8: 12054.147 | AA8: 12241.592 | AB8: 12431.953 | AD8: 61.805143 | AE8: 61.805143 | AF8: 61.805143 | AG8: 61.805143 | AH8: 61.805143 | AI8: 61.805143 | AJ8: 61.805143 | AK8: 61.805143 | AL8: 61.805143 | AM8: 61.805143 | AN8: 61.805143 | AO8: 61.805143 | AP8: 61.805143 | AQ8: 61.805143 | AR8: 61.805143 | AS8: 61.805143 | AT8: 61.805143 | AU8: 61.805143 | AV8: 61.805143 | AW8: 61.805143 | AX8: 61.805143 | AY8: 61.805143 | AZ8: 61.805143 | BA8: 61.805143 | BB8: 61.805143 | BC8: 61.805143 | BE8: 1 | BG8: ="MINBIOWOO2"&BE8 -> MINBIOWOO21 | BH8: =A8 -> PCRW - Lo | BI8: ACT_BND | BJ8: BIOWOO | BK8: PJ | BL8: =E8/1000*Conversions!$B$2 -> 0.65389811 | BM8: =F8/1000*Conversions!$B$2 -> 0.69802888 | BN8: =G8/1000*Conversions!$B$2 -> 0.70311235 | BO8: =H8/1000*Conversions!$B$2 -> 0.72124575 | BP8: =I8/1000*Conversions!$B$2 -> 0.73959732 | BQ8: =J8/1000*Conversions!$B$2 -> 0.76170351 | BR8: =K8/1000*Conversions!$B$2 -> 0.78323593 | BS8: =L8/1000*Conversions!$B$2 -> 0.80464869 | ... CI8: =AB8/1000*Conversions!$B$2 -> 0.520501 | CJ8: =TREND(CD8:CI8,$CD$5:$CI$5,$CJ$5) -> 0.63624052 | CL8: =BG8 -> MINBIOWOO21 | CM8: =BH8 -> PCRW - Lo | CN8: COST | CO8: MEUR2014 | CP8: =BJ8 -> BIOWOO | CQ8: €14/GJ | CR8: =IF(AF8<0,0.01,AF8/Conversions!$B$3) -> 1.4761905 | CS8: =IF(AG8<0,0.01,AG8/Conversions!$B$3) -> 1.4761905 | CT8: =IF(AH8<0,0.01,AH8/Conversions!$B$3) -> 1.4761905 | CU8: =IF(AI8<0,0.01,AI8/Conversions!$B$3) -> 1.4761905 | CV8: =IF(AJ8<0,0.01,AJ8/Conversions!$B$3) -> 1.4761905 | CW8: =IF(AK8<0,0.01,AK8/Conversions!$B$3) -> 1.4761905 | CX8: =IF(AL8<0,0.01,AL8/Conversions!$B$3) -> 1.4761905 | CY8: =IF(AM8<0,0.01,AM8/Conversions!$B$3) -> 1.4761905 | ... DO8: =IF(BC8<0,0.01,BC8/Conversions!$B$3) -> 1.4761905
A9: Solid BMSW - Lo | B9: SolidBMSW | C9: 0 | D9: 0 | E9: 0 | F9: 0 | G9: 0 | H9: 74670.176 | I9: 62218.419 | J9: 67083.673 | K9: 70419.474 | L9: 73560.366 | M9: 76501.01 | N9: 78505.416 | O9: 79748.046 | P9: 80921.346 | Q9: 81808.122 | R9: 82878.024 | S9: 83898.252 | T9: 84827.835 | U9: 89011.346 | V9: 93215.54 | W9: 97440.723 | X9: 99077.457 | Y9: 100734.03 | Z9: 102410.65 | AA9: 104107.56 | AB9: 105824.98 | AD9: -610 | AE9: -610 | AF9: -610 | AG9: -610 | AH9: -610 | AI9: -610 | AJ9: -610 | AK9: -610 | AL9: -610 | AM9: -610 | AN9: -610 | AO9: -610 | AP9: -610 | AQ9: -610 | AR9: -610 | AS9: -610 | AT9: -610 | AU9: -610 | AV9: -610 | AW9: -610 | AX9: -610 | AY9: -610 | AZ9: -610 | BA9: -610 | BB9: -610 | BC9: -610 | BE9: 1 | BG9: ="MINBMSW1"&BE9 -> MINBMSW11 | BH9: =A9 -> Solid BMSW - Lo | BI9: ACT_BND | BJ9: BIOMUN | BK9: PJ | BL9: =E9/1000*Conversions!$B$2 -> 0 | BM9: =F9/1000*Conversions!$B$2 -> 0 | BN9: =G9/1000*Conversions!$B$2 -> 0 | BO9: =H9/1000*Conversions!$B$2 -> 3.1262909 | BP9: =I9/1000*Conversions!$B$2 -> 2.6049608 | BQ9: =J9/1000*Conversions!$B$2 -> 2.8086592 | BR9: =K9/1000*Conversions!$B$2 -> 2.9483225 | BS9: =L9/1000*Conversions!$B$2 -> 3.0798254 | ... CI9: =AB9/1000*Conversions!$B$2 -> 4.4306801 | CJ9: =TREND(BT9:CI9,$BT$5:$CI$5,$CJ$5) -> 5.7461668 | CL9: =BG9 -> MINBMSW11 | CM9: =BH9 -> Solid BMSW - Lo | CN9: COST | CO9: MEUR2014 | CP9: =BJ9 -> BIOMUN | CQ9: €14/GJ | CR9: =IF(AF9<0,0.01,AF9/Conversions!$B$3) -> 0.01 | CS9: =IF(AG9<0,0.01,AG9/Conversions!$B$3) -> 0.01 | CT9: =IF(AH9<0,0.01,AH9/Conversions!$B$3) -> 0.01 | CU9: =IF(AI9<0,0.01,AI9/Conversions!$B$3) -> 0.01 | CV9: =IF(AJ9<0,0.01,AJ9/Conversions!$B$3) -> 0.01 | CW9: =IF(AK9<0,0.01,AK9/Conversions!$B$3) -> 0.01 | CX9: =IF(AL9<0,0.01,AL9/Conversions!$B$3) -> 0.01 | CY9: =IF(AM9<0,0.01,AM9/Conversions!$B$3) -> 0.01 | ... DO9: =IF(BC9<0,0.01,BC9/Conversions!$B$3) -> 0.01
A10: Tallow - Lo | B10: Tallow | C10: 28180.575 | D10: 27975.062 | E10: 29059.876 | F10: 28897.867 | G10: 28735.858 | H10: 28573.849 | I10: 28558.244 | J10: 28357.021 | K10: 28517.815 | L10: 28647.129 | M10: 28754.258 | N10: 28842.212 | O10: 28936.087 | P10: 29007.062 | Q10: 29032.932 | R10: 29022.325 | S10: 28954.046 | T10: 28843.993 | U10: 28702.375 | V10: 28536.84 | W10: 28354.122 | X10: 28161.438 | Y10: 27962.206 | Z10: 27759.012 | AA10: 27555.5 | AB10: 27345.909 | AD10: 365.12791 | AE10: 365.12791 | AF10: 365.12791 | AG10: 365.12791 | AH10: 365.12791 | AI10: 365.12791 | AJ10: 365.12791 | AK10: 365.12791 | AL10: 365.12791 | AM10: 365.12791 | AN10: 365.12791 | AO10: 365.12791 | AP10: 365.12791 | AQ10: 365.12791 | AR10: 365.12791 | AS10: 365.12791 | AT10: 365.12791 | AU10: 365.12791 | AV10: 365.12791 | AW10: 365.12791 | AX10: 365.12791 | AY10: 365.12791 | AZ10: 365.12791 | BA10: 365.12791 | BB10: 365.12791 | BC10: 365.12791 | BE10: 1 | BG10: ="MINBIOAGRW4"&BE10 -> MINBIOAGRW41 | BH10: =A10 -> Tallow - Lo | BI10: ACT_BND | BJ10: BIOWOO | BK10: PJ | BL10: =E10/1000*Conversions!$B$2 -> 1.2166789 | BM10: =F10/1000*Conversions!$B$2 -> 1.2098959 | BN10: =G10/1000*Conversions!$B$2 -> 1.2031129 | BO10: =H10/1000*Conversions!$B$2 -> 1.1963299 | BP10: =I10/1000*Conversions!$B$2 -> 1.1956766 | BQ10: =J10/1000*Conversions!$B$2 -> 1.1872518 | BR10: =K10/1000*Conversions!$B$2 -> 1.1939839 | BS10: =L10/1000*Conversions!$B$2 -> 1.199398 | ... CI10: =AB10/1000*Conversions!$B$2 -> 1.1449185 | CJ10: =TREND(BT10:CI10,$BT$5:$CI$5,$CJ$5) -> 1.0942243 | CL10: =BG10 -> MINBIOAGRW41 | CM10: =BH10 -> Tallow - Lo | CN10: COST | CO10: MEUR2014 | CP10: =BJ10 -> BIOWOO | CQ10: €14/GJ | CR10: =IF(AF10<0,0.01,AF10/Conversions!$B$3) -> 8.7209302 | CS10: =IF(AG10<0,0.01,AG10/Conversions!$B$3) -> 8.7209302 | CT10: =IF(AH10<0,0.01,AH10/Conversions!$B$3) -> 8.7209302 | CU10: =IF(AI10<0,0.01,AI10/Conversions!$B$3) -> 8.7209302 | CV10: =IF(AJ10<0,0.01,AJ10/Conversions!$B$3) -> 8.7209302 | CW10: =IF(AK10<0,0.01,AK10/Conversions!$B$3) -> 8.7209302 | CX10: =IF(AL10<0,0.01,AL10/Conversions!$B$3) -> 8.7209302 | CY10: =IF(AM10<0,0.01,AM10/Conversions!$B$3) -> 8.7209302 | ... DO10: =IF(BC10<0,0.01,BC10/Conversions!$B$3) -> 8.7209302
A11: RVO - Lo | B11: RVO | C11: 3807.4402 | D11: 3933.6956 | E11: 3944.227 | F11: 3958.6509 | G11: 3978.0077 | H11: 4001.8521 | I11: 4029.6509 | J11: 4059.5288 | K11: 4092.5168 | L11: 4125.509 | M11: 4158.5701 | N11: 4191.8504 | O11: 4223.4058 | P11: 4253.4058 | Q11: 4281.9613 | R11: 4309.2476 | S11: 4335.4222 | T11: 4360.5804 | U11: 4385.4394 | V11: 4410.2674 | W11: 4435.2571 | X11: 4460.3938 | Y11: 4485.638 | Z11: 4511.0765 | AA11: 4536.8598 | AB11: 4563 | AD11: 648.954 | AE11: 648.954 | AF11: 648.954 | AG11: 648.954 | AH11: 648.954 | AI11: 648.954 | AJ11: 648.954 | AK11: 648.954 | AL11: 648.954 | AM11: 648.954 | AN11: 648.954 | AO11: 648.954 | AP11: 648.954 | AQ11: 648.954 | AR11: 648.954 | AS11: 648.954 | AT11: 648.954 | AU11: 648.954 | AV11: 648.954 | AW11: 648.954 | AX11: 648.954 | AY11: 648.954 | AZ11: 648.954 | BA11: 648.954 | BB11: 648.954 | BC11: 648.954 | BE11: 1 | BG11: ="MINBIORVO"&BE11 -> MINBIORVO1 | BH11: =A11 -> RVO - Lo | BI11: ACT_BND | BJ11: BIORPS | BK11: PJ | BL11: =E11/1000*Conversions!$B$2 -> 0.1651369 | BM11: =F11/1000*Conversions!$B$2 -> 0.1657408 | BN11: =G11/1000*Conversions!$B$2 -> 0.16655123 | BO11: =H11/1000*Conversions!$B$2 -> 0.16754954 | BP11: =I11/1000*Conversions!$B$2 -> 0.16871342 | BQ11: =J11/1000*Conversions!$B$2 -> 0.16996435 | BR11: =K11/1000*Conversions!$B$2 -> 0.17134549 | BS11: =L11/1000*Conversions!$B$2 -> 0.17272681 | ... CI11: =AB11/1000*Conversions!$B$2 -> 0.19104368 | CJ11: =TREND(BT11:CI11,$BT$5:$CI$5,$CJ$5) -> 0.2077624 | CL11: =BG11 -> MINBIORVO1 | CM11: =BH11 -> RVO - Lo | CN11: COST | CO11: MEUR2014 | CP11: =BJ11 -> BIORPS | CQ11: €14/GJ | CR11: =IF(AF11<0,0.01,AF11/Conversions!$B$3) -> 15.5 | CS11: =IF(AG11<0,0.01,AG11/Conversions!$B$3) -> 15.5 | CT11: =IF(AH11<0,0.01,AH11/Conversions!$B$3) -> 15.5 | CU11: =IF(AI11<0,0.01,AI11/Conversions!$B$3) -> 15.5 | CV11: =IF(AJ11<0,0.01,AJ11/Conversions!$B$3) -> 15.5 | CW11: =IF(AK11<0,0.01,AK11/Conversions!$B$3) -> 15.5 | CX11: =IF(AL11<0,0.01,AL11/Conversions!$B$3) -> 15.5 | CY11: =IF(AM11<0,0.01,AM11/Conversions!$B$3) -> 15.5 | ... DO11: =IF(BC11<0,0.01,BC11/Conversions!$B$3) -> 15.5
A12: Straw - Lo | B12: Straw | C12: 10842.319 | D12: 18162.111 | E12: 23069.487 | F12: 14561.459 | G12: 17288.63 | H12: 16597.817 | I12: 17902.046 | J12: 21990.008 | K12: 23904.397 | L12: 25843.522 | M12: 27692.948 | N12: 29297.452 | O12: 30632.755 | P12: 31834.905 | Q12: 33105.149 | R12: 33724.835 | S12: 33082.003 | T12: 33917.295 | U12: 34854.172 | V12: 35869.801 | W12: 36944.226 | X12: 38056.562 | Y12: 39191.841 | Z12: 40330.036 | AA12: 41459.758 | AB12: 42613.71 | AD12: 118.26267 | AE12: 118.26267 | AF12: 118.26267 | AG12: 118.26267 | AH12: 118.26267 | AI12: 118.26267 | AJ12: 118.26267 | AK12: 118.26267 | AL12: 118.26267 | AM12: 118.26267 | AN12: 118.26267 | AO12: 118.26267 | AP12: 118.26267 | AQ12: 118.26267 | AR12: 118.26267 | AS12: 118.26267 | AT12: 118.26267 | AU12: 118.26267 | AV12: 118.26267 | AW12: 118.26267 | AX12: 118.26267 | AY12: 118.26267 | AZ12: 118.26267 | BA12: 118.26267 | BB12: 118.26267 | BC12: 118.26267 | BE12: 1 | BG12: ="MINBIOAGRW1"&BE12 -> MINBIOAGRW11 | BH12: =A12 -> Straw - Lo | BI12: ACT_BND | BJ12: BIOWOO | BK12: PJ | BL12: =E12/1000*Conversions!$B$2 -> 0.96587329 | BM12: =F12/1000*Conversions!$B$2 -> 0.60965915 | BN12: =G12/1000*Conversions!$B$2 -> 0.72384035 | BO12: =H12/1000*Conversions!$B$2 -> 0.69491738 | BP12: =I12/1000*Conversions!$B$2 -> 0.74952286 | BQ12: =J12/1000*Conversions!$B$2 -> 0.92067764 | BR12: =K12/1000*Conversions!$B$2 -> 1.0008293 | BS12: =L12/1000*Conversions!$B$2 -> 1.0820166 | ... CI12: =AB12/1000*Conversions!$B$2 -> 1.7841508 | CJ12: =TREND(BT12:CI12,$BT$5:$CI$5,$CJ$5) -> 2.3239936 | CL12: =BG12 -> MINBIOAGRW11 | CM12: =BH12 -> Straw - Lo | CN12: COST | CO12: MEUR2014 | CP12: =BJ12 -> BIOWOO | CQ12: €14/GJ | CR12: =IF(AF12<0,0.01,AF12/Conversions!$B$3) -> 2.8246554 | CS12: =IF(AG12<0,0.01,AG12/Conversions!$B$3) -> 2.8246554 | CT12: =IF(AH12<0,0.01,AH12/Conversions!$B$3) -> 2.8246554 | CU12: =IF(AI12<0,0.01,AI12/Conversions!$B$3) -> 2.8246554 | CV12: =IF(AJ12<0,0.01,AJ12/Conversions!$B$3) -> 2.8246554 | CW12: =IF(AK12<0,0.01,AK12/Conversions!$B$3) -> 2.8246554 | CX12: =IF(AL12<0,0.01,AL12/Conversions!$B$3) -> 2.8246554 | CY12: =IF(AM12<0,0.01,AM12/Conversions!$B$3) -> 2.8246554 | ... DO12: =IF(BC12<0,0.01,BC12/Conversions!$B$3) -> 2.8246554
A13: Cattle waste - Lo | B13: Cattle | C13: 810.6545 | D13: 830.90023 | E13: 853.49227 | F13: 872.70638 | G13: 891.92048 | H13: 911.13459 | I13: 939.63001 | J13: 948.58764 | K13: 965.37848 | L13: 987.90983 | M13: 1012.7292 | N13: 1035.2913 | O13: 1055.292 | P13: 945.22758 | Q13: 1088.324 | R13: 1101.6427 | S13: 1112.9368 | T13: 1122.1473 | U13: 1129.5181 | V13: 1135.3689 | W13: 1139.9266 | X13: 1143.3366 | Y13: 1145.4953 | Z13: 1146.642 | AA13: 1147.1695 | AB13: 1147.0261 | AD13: 0 | AE13: 0 | AF13: 0 | AG13: 0 | AH13: 0 | AI13: 0 | AJ13: 0 | AK13: 0 | AL13: 0 | AM13: 0 | AN13: 0 | AO13: 0 | AP13: 0 | AQ13: 0 | AR13: 0 | AS13: 0 | AT13: 0 | AU13: 0 | AV13: 0 | AW13: 0 | AX13: 0 | AY13: 0 | AZ13: 0 | BA13: 0 | BB13: 0 | BC13: 0 | BE13: 1 | BG13: ="MINBIOAGRW2"&BE13 -> MINBIOAGRW21 | BH13: =A13 -> Cattle waste - Lo | BI13: ACT_BND | BJ13: BIOSLU | BK13: PJ | BL13: =E13/1000*Conversions!$B$2 -> 0.035734014 | BM13: =F13/1000*Conversions!$B$2 -> 0.036538471 | BN13: =G13/1000*Conversions!$B$2 -> 0.037342927 | BO13: =H13/1000*Conversions!$B$2 -> 0.038147383 | BP13: =I13/1000*Conversions!$B$2 -> 0.039340429 | BQ13: =J13/1000*Conversions!$B$2 -> 0.039715467 | BR13: =K13/1000*Conversions!$B$2 -> 0.040418466 | BS13: =L13/1000*Conversions!$B$2 -> 0.041361809 | ... CI13: =AB13/1000*Conversions!$B$2 -> 0.04802369 | CJ13: =TREND(BT13:CI13,$BT$5:$CI$5,$CJ$5) -> 0.055672587 | CL13: =BG13 -> MINBIOAGRW21 | CM13: =BH13 -> Cattle waste - Lo | CN13: COST | CO13: MEUR2014 | CP13: =BJ13 -> BIOSLU | CQ13: €14/GJ | CR13: =IF(AF13<0,0.01,AF13/Conversions!$B$3) -> 0 | CS13: =IF(AG13<0,0.01,AG13/Conversions!$B$3) -> 0 | CT13: =IF(AH13<0,0.01,AH13/Conversions!$B$3) -> 0 | CU13: =IF(AI13<0,0.01,AI13/Conversions!$B$3) -> 0 | CV13: =IF(AJ13<0,0.01,AJ13/Conversions!$B$3) -> 0 | CW13: =IF(AK13<0,0.01,AK13/Conversions!$B$3) -> 0 | CX13: =IF(AL13<0,0.01,AL13/Conversions!$B$3) -> 0 | CY13: =IF(AM13<0,0.01,AM13/Conversions!$B$3) -> 0 | ... DO13: =IF(BC13<0,0.01,BC13/Conversions!$B$3) -> 0
A14: Pig waste - Lo | B14: Pig | C14: 23799.232 | D14: 24461.636 | E14: 24161.977 | F14: 23960.004 | G14: 23758.031 | H14: 23556.057 | I14: 23587.896 | J14: 23766.656 | K14: 23904.758 | L14: 23998.276 | M14: 24060.884 | N14: 24099.154 | O14: 24117.393 | P14: 24121.288 | Q14: 24117.717 | R14: 24111.082 | S14: 24102.731 | T14: 24093.283 | U14: 24082.668 | V14: 24070.806 | W14: 24059.124 | X14: 24060.316 | Y14: 24070.305 | Z14: 24075.871 | AA14: 24075.151 | AB14: 24069.188 | AD14: 0 | AE14: 0 | AF14: 0 | AG14: 0 | AH14: 0 | AI14: 0 | AJ14: 0 | AK14: 0 | AL14: 0 | AM14: 0 | AN14: 0 | AO14: 0 | AP14: 0 | AQ14: 0 | AR14: 0 | AS14: 0 | AT14: 0 | AU14: 0 | AV14: 0 | AW14: 0 | AX14: 0 | AY14: 0 | AZ14: 0 | BA14: 0 | BB14: 0 | BC14: 0 | BE14: 1 | BG14: ="MINBIOAGRW3"&BE14 -> MINBIOAGRW31 | BH14: =A14 -> Pig waste - Lo | BI14: ACT_BND | BJ14: BIOSLU | BK14: PJ | BL14: =E14/1000*Conversions!$B$2 -> 1.0116137 | BM14: =F14/1000*Conversions!$B$2 -> 1.0031574 | BN14: =G14/1000*Conversions!$B$2 -> 0.99470123 | BO14: =H14/1000*Conversions!$B$2 -> 0.98624501 | BP14: =I14/1000*Conversions!$B$2 -> 0.98757803 | BQ14: =J14/1000*Conversions!$B$2 -> 0.99506235 | BR14: =K14/1000*Conversions!$B$2 -> 1.0008444 | BS14: =L14/1000*Conversions!$B$2 -> 1.0047598 | ... CI14: =AB14/1000*Conversions!$B$2 -> 1.0077288 | CJ14: =CI14 -> 1.0077288 | CL14: =BG14 -> MINBIOAGRW31 | CM14: =BH14 -> Pig waste - Lo | CN14: COST | CO14: MEUR2014 | CP14: =BJ14 -> BIOSLU | CQ14: €14/GJ | CR14: =IF(AF14<0,0.01,AF14/Conversions!$B$3) -> 0 | CS14: =IF(AG14<0,0.01,AG14/Conversions!$B$3) -> 0 | CT14: =IF(AH14<0,0.01,AH14/Conversions!$B$3) -> 0 | CU14: =IF(AI14<0,0.01,AI14/Conversions!$B$3) -> 0 | CV14: =IF(AJ14<0,0.01,AJ14/Conversions!$B$3) -> 0 | CW14: =IF(AK14<0,0.01,AK14/Conversions!$B$3) -> 0 | CX14: =IF(AL14<0,0.01,AL14/Conversions!$B$3) -> 0 | CY14: =IF(AM14<0,0.01,AM14/Conversions!$B$3) -> 0 | ... DO14: =IF(BC14<0,0.01,BC14/Conversions!$B$3) -> 0
A15: BMSW - Lo | B15: BMSW | C15: 3097.2496 | D15: 4323.3142 | E15: 4875.7988 | F15: 6096.6311 | G15: 6263.0705 | H15: 6547.4643 | I15: 7056.7744 | J15: 7311.5358 | K15: 7806.559 | L15: 8317.5611 | M15: 8844.1115 | N15: 9334.4058 | O15: 9791.9614 | P15: 10263.156 | Q15: 10730.455 | R15: 11232.846 | S15: 11753.049 | T15: 12288.189 | U15: 12494.803 | V15: 12704.799 | W15: 12918.232 | X15: 13135.231 | Y15: 13355.855 | Z15: 13580.164 | AA15: 13808.22 | AB15: 14040.084 | AD15: -1274.2435 | AE15: -1274.2435 | AF15: -1274.2435 | AG15: -1274.2435 | AH15: -1274.2435 | AI15: -1274.2435 | AJ15: -1274.2435 | AK15: -1274.2435 | AL15: -1274.2435 | AM15: -1274.2435 | AN15: -1274.2435 | AO15: -1274.2435 | AP15: -1274.2435 | AQ15: -1274.2435 | AR15: -1274.2435 | AS15: -1274.2435 | AT15: -1274.2435 | AU15: -1274.2435 | AV15: -1274.2435 | AW15: -1274.2435 | AX15: -1274.2435 | AY15: -1274.2435 | AZ15: -1274.2435 | BA15: -1274.2435 | BB15: -1274.2435 | BC15: -1274.2435 | BE15: 1 | BG15: ="MINBMSW2"&BE15 -> MINBMSW21 | BH15: =A15 -> BMSW - Lo | BI15: ACT_BND | BJ15: BIOMUN | BK15: PJ | BL15: =E15/1000*Conversions!$B$2 -> 0.20413994 | BM15: =F15/1000*Conversions!$B$2 -> 0.25525375 | BN15: =G15/1000*Conversions!$B$2 -> 0.26222224 | BO15: =H15/1000*Conversions!$B$2 -> 0.27412924 | BP15: =I15/1000*Conversions!$B$2 -> 0.29545303 | BQ15: =J15/1000*Conversions!$B$2 -> 0.30611938 | BR15: =K15/1000*Conversions!$B$2 -> 0.32684501 | BS15: =L15/1000*Conversions!$B$2 -> 0.34823965 | ... CI15: =AB15/1000*Conversions!$B$2 -> 0.58783024 | CJ15: =TREND(BT15:CI15,$BT$5:$CI$5,$CJ$5) -> 0.82197009 | CL15: =BG15 -> MINBMSW21 | CM15: =BH15 -> BMSW - Lo | CN15: COST | CO15: MEUR2014 | CP15: =BJ15 -> BIOMUN | CQ15: €14/GJ | CR15: =IF(AF15<0,0.01,AF15/Conversions!$B$3) -> 0.01 | CS15: =IF(AG15<0,0.01,AG15/Conversions!$B$3) -> 0.01 | CT15: =IF(AH15<0,0.01,AH15/Conversions!$B$3) -> 0.01 | CU15: =IF(AI15<0,0.01,AI15/Conversions!$B$3) -> 0.01 | CV15: =IF(AJ15<0,0.01,AJ15/Conversions!$B$3) -> 0.01 | CW15: =IF(AK15<0,0.01,AK15/Conversions!$B$3) -> 0.01 | CX15: =IF(AL15<0,0.01,AL15/Conversions!$B$3) -> 0.01 | CY15: =IF(AM15<0,0.01,AM15/Conversions!$B$3) -> 0.01 | ... DO15: =IF(BC15<0,0.01,BC15/Conversions!$B$3) -> 0.01
A16: Willow - Lo | B16: Willow | C16: 0 | D16: 0 | E16: 0 | F16: 0 | G16: 839.54333 | H16: 1429.4927 | I16: 1903.812 | J16: 2217.7256 | K16: 2732.6455 | L16: 3260.0299 | M16: 3785.3572 | N16: 6283.233 | O16: 9337.7791 | P16: 13067.59 | Q16: 17616.433 | R16: 23158.568 | S16: 29905.203 | T16: 38112.292 | U16: 48089.994 | V16: 60214.112 | W16: 74939.948 | X16: 92819.066 | Y16: 114519.59 | Z16: 140850.75 | AA16: 155940.92 | AB16: 157599.86 | AD16: 167.472 | AE16: 167.472 | AF16: 167.472 | AG16: 167.472 | AH16: 167.472 | AI16: 167.472 | AJ16: 167.472 | AK16: 167.472 | AL16: 167.472 | AM16: 167.472 | AN16: 167.472 | AO16: 167.472 | AP16: 167.472 | AQ16: 167.472 | AR16: 167.472 | AS16: 167.472 | AT16: 167.472 | AU16: 167.472 | AV16: 167.472 | AW16: 167.472 | AX16: 167.472 | AY16: 167.472 | AZ16: 167.472 | BA16: 167.472 | BB16: 167.472 | BC16: 167.472 | BE16: 1 | BG16: ="ABIOCRP4"&BE16 -> ABIOCRP41 | BH16: =A16 -> Willow - Lo | BI16: ACT_BND | BJ16: BIOWOO | BK16: PJ | BL16: =E16/1000*Conversions!$B$2 -> 0 | BM16: =F16/1000*Conversions!$B$2 -> 0 | BN16: =G16/1000*Conversions!$B$2 -> 0.03515 | BO16: =H16/1000*Conversions!$B$2 -> 0.05985 | BP16: =I16/1000*Conversions!$B$2 -> 0.0797088 | BQ16: =J16/1000*Conversions!$B$2 -> 0.092851733 | BR16: =K16/1000*Conversions!$B$2 -> 0.1144104 | BS16: =L16/1000*Conversions!$B$2 -> 0.13649093 | ... CI16: =AB16/1000*Conversions!$B$2 -> 6.598391 | CJ16: =TREND(BL16:CI16,$BL$5:$CI$5,$CJ$5) -> 9.089701 | CL16: =BG16 -> ABIOCRP41 | CM16: =BH16 -> Willow - Lo | CN16: ACTCOST | CO16: MEUR2014 | CP16: =BJ16 -> BIOWOO | CQ16: €14/GJ | CR16: =IF(AF16<0,0.01,AF16/Conversions!$B$3) -> 4 | CS16: =IF(AG16<0,0.01,AG16/Conversions!$B$3) -> 4 | CT16: =IF(AH16<0,0.01,AH16/Conversions!$B$3) -> 4 | CU16: =IF(AI16<0,0.01,AI16/Conversions!$B$3) -> 4 | CV16: =IF(AJ16<0,0.01,AJ16/Conversions!$B$3) -> 4 | CW16: =IF(AK16<0,0.01,AK16/Conversions!$B$3) -> 4 | CX16: =IF(AL16<0,0.01,AL16/Conversions!$B$3) -> 4 | CY16: =IF(AM16<0,0.01,AM16/Conversions!$B$3) -> 4 | ... DO16: =IF(BC16<0,0.01,BC16/Conversions!$B$3) -> 4
A17: Miscanthus - Lo | B17: Miscanthus | C17: 0 | D17: 0 | E17: 0 | F17: 0 | G17: 721.55345 | H17: 1075.5231 | I17: 1384.1725 | J17: 1458.2943 | K17: 1477.2332 | L17: 1496.1721 | M17: 3330.3398 | N17: 7047.8074 | O17: 11600.28 | P17: 17165.651 | Q17: 23959.568 | R17: 32243.425 | S17: 42334.031 | T17: 54615.318 | U17: 69552.525 | V17: 87709.357 | W17: 109768.76 | X17: 136558.09 | Y17: 169079.53 | Z17: 208546.92 | AA17: 231152.83 | AB17: 233611.9 | AD17: 167.472 | AE17: 167.472 | AF17: 167.472 | AG17: 167.472 | AH17: 167.472 | AI17: 167.472 | AJ17: 167.472 | AK17: 167.472 | AL17: 167.472 | AM17: 167.472 | AN17: 167.472 | AO17: 167.472 | AP17: 167.472 | AQ17: 167.472 | AR17: 167.472 | AS17: 167.472 | AT17: 167.472 | AU17: 167.472 | AV17: 167.472 | AW17: 167.472 | AX17: 167.472 | AY17: 167.472 | AZ17: 167.472 | BA17: 167.472 | BB17: 167.472 | BC17: 167.472 | BE17: 1 | BG17: ="ABIOCRP3"&BE17 -> ABIOCRP31 | BH17: =A17 -> Miscanthus - Lo | BI17: ACT_BND | BJ17: BIOWOO | BK17: PJ | BL17: =E17/1000*Conversions!$B$2 -> 0 | BM17: =F17/1000*Conversions!$B$2 -> 0 | BN17: =G17/1000*Conversions!$B$2 -> 0.03021 | BO17: =H17/1000*Conversions!$B$2 -> 0.04503 | BP17: =I17/1000*Conversions!$B$2 -> 0.057952533 | BQ17: =J17/1000*Conversions!$B$2 -> 0.061055867 | BR17: =K17/1000*Conversions!$B$2 -> 0.0618488 | BS17: =L17/1000*Conversions!$B$2 -> 0.062641733 | ... CI17: =AB17/1000*Conversions!$B$2 -> 9.7808631 | CJ17: =TREND(BL17:CI17,$BL$5:$CI$5,$CJ$5) -> 13.440282 | CL17: =BG17 -> ABIOCRP31 | CM17: =BH17 -> Miscanthus - Lo | CN17: ACTCOST | CO17: MEUR2014 | CP17: =BJ17 -> BIOWOO | CQ17: €14/GJ | CR17: =IF(AF17<0,0.01,AF17/Conversions!$B$3) -> 4 | CS17: =IF(AG17<0,0.01,AG17/Conversions!$B$3) -> 4 | CT17: =IF(AH17<0,0.01,AH17/Conversions!$B$3) -> 4 | CU17: =IF(AI17<0,0.01,AI17/Conversions!$B$3) -> 4 | CV17: =IF(AJ17<0,0.01,AJ17/Conversions!$B$3) -> 4 | CW17: =IF(AK17<0,0.01,AK17/Conversions!$B$3) -> 4 | CX17: =IF(AL17<0,0.01,AL17/Conversions!$B$3) -> 4 | CY17: =IF(AM17<0,0.01,AM17/Conversions!$B$3) -> 4 | ... DO17: =IF(BC17<0,0.01,BC17/Conversions!$B$3) -> 4
A18: Wheat - Lo | B18: Wheat | C18: 0 | D18: 0 | E18: 0 | F18: 0 | G18: 0 | H18: 0 | I18: 0 | J18: 0 | K18: 0 | L18: 0 | M18: 0 | N18: 0 | O18: 0 | P18: 0 | Q18: 0 | R18: 0 | S18: 0 | T18: 0 | U18: 0 | V18: 0 | W18: 0 | X18: 0 | Y18: 0 | Z18: 0 | AA18: 0 | AB18: 0 | AD18: 796.24812 | AE18: 796.24812 | AF18: 796.24812 | AG18: 796.24812 | AH18: 796.24812 | AI18: 796.24812 | AJ18: 796.24812 | AK18: 796.24812 | AL18: 796.24812 | AM18: 796.24812 | AN18: 796.24812 | AO18: 796.24812 | AP18: 796.24812 | AQ18: 796.24812 | AR18: 796.24812 | AS18: 796.24812 | AT18: 796.24812 | AU18: 796.24812 | AV18: 796.24812 | AW18: 796.24812 | AX18: 796.24812 | AY18: 796.24812 | AZ18: 796.24812 | BA18: 796.24812 | BB18: 796.24812 | BC18: 796.24812 | BE18: 1 | BG18: ="ABIOCRP1"&BE18 -> ABIOCRP11 | BH18: =A18 -> Wheat - Lo | BI18: ACT_BND | BJ18: BIOCRP1 | BK18: PJ | BL18: =E18/1000*Conversions!$B$2 -> 0 | BM18: =F18/1000*Conversions!$B$2 -> 0 | BN18: =G18/1000*Conversions!$B$2 -> 0 | BO18: =H18/1000*Conversions!$B$2 -> 0 | BP18: =I18/1000*Conversions!$B$2 -> 0 | BQ18: =J18/1000*Conversions!$B$2 -> 0 | BR18: =K18/1000*Conversions!$B$2 -> 0 | BS18: =L18/1000*Conversions!$B$2 -> 0 | ... CI18: =AB18/1000*Conversions!$B$2 -> 0 | CJ18: =CI18 -> 0 | CL18: =BG18 -> ABIOCRP11 | CM18: =BH18 -> Wheat - Lo | CN18: ACTCOST | CO18: MEUR2014 | CP18: =BJ18 -> BIOCRP1 | CQ18: €14/GJ | CR18: =IF(AF18<0,0.01,AF18/Conversions!$B$3) -> 19.01806 | CS18: =IF(AG18<0,0.01,AG18/Conversions!$B$3) -> 19.01806 | CT18: =IF(AH18<0,0.01,AH18/Conversions!$B$3) -> 19.01806 | CU18: =IF(AI18<0,0.01,AI18/Conversions!$B$3) -> 19.01806 | CV18: =IF(AJ18<0,0.01,AJ18/Conversions!$B$3) -> 19.01806 | CW18: =IF(AK18<0,0.01,AK18/Conversions!$B$3) -> 19.01806 | CX18: =IF(AL18<0,0.01,AL18/Conversions!$B$3) -> 19.01806 | CY18: =IF(AM18<0,0.01,AM18/Conversions!$B$3) -> 19.01806 | ... DO18: =IF(BC18<0,0.01,BC18/Conversions!$B$3) -> 19.01806
A19: OSR - Lo | B19: OSR | C19: 0 | D19: 0 | E19: 0 | F19: 0 | G19: 0 | H19: 0 | I19: 0 | J19: 0 | K19: 0 | L19: 0 | M19: 0 | N19: 0 | O19: 0 | P19: 0 | Q19: 0 | R19: 0 | S19: 0 | T19: 0 | U19: 0 | V19: 0 | W19: 0 | X19: 0 | Y19: 0 | Z19: 0 | AA19: 0 | AB19: 0 | AD19: 902.73276 | AE19: 902.73276 | AF19: 902.73276 | AG19: 902.73276 | AH19: 902.73276 | AI19: 902.73276 | AJ19: 902.73276 | AK19: 902.73276 | AL19: 902.73276 | AM19: 902.73276 | AN19: 902.73276 | AO19: 902.73276 | AP19: 902.73276 | AQ19: 902.73276 | AR19: 902.73276 | AS19: 902.73276 | AT19: 902.73276 | AU19: 902.73276 | AV19: 902.73276 | AW19: 902.73276 | AX19: 902.73276 | AY19: 902.73276 | AZ19: 902.73276 | BA19: 902.73276 | BB19: 902.73276 | BC19: 902.73276 | BE19: 1 | BG19: ="ABIOCRP2"&BE19 -> ABIOCRP21 | BH19: =A19 -> OSR - Lo | BI19: ACT_BND | BJ19: BIORPS | BK19: PJ | BL19: =E19/1000*Conversions!$B$2 -> 0 | BM19: =F19/1000*Conversions!$B$2 -> 0 | BN19: =G19/1000*Conversions!$B$2 -> 0 | BO19: =H19/1000*Conversions!$B$2 -> 0 | BP19: =I19/1000*Conversions!$B$2 -> 0 | BQ19: =J19/1000*Conversions!$B$2 -> 0 | BR19: =K19/1000*Conversions!$B$2 -> 0 | BS19: =L19/1000*Conversions!$B$2 -> 0 | ... CI19: =AB19/1000*Conversions!$B$2 -> 0 | CJ19: =CI19 -> 0 | CL19: =BG19 -> ABIOCRP21 | CM19: =BH19 -> OSR - Lo | CN19: ACTCOST | CO19: MEUR2014 | CP19: =BJ19 -> BIORPS | CQ19: €14/GJ | CR19: =IF(AF19<0,0.01,AF19/Conversions!$B$3) -> 21.561401 | CS19: =IF(AG19<0,0.01,AG19/Conversions!$B$3) -> 21.561401 | CT19: =IF(AH19<0,0.01,AH19/Conversions!$B$3) -> 21.561401 | CU19: =IF(AI19<0,0.01,AI19/Conversions!$B$3) -> 21.561401 | CV19: =IF(AJ19<0,0.01,AJ19/Conversions!$B$3) -> 21.561401 | CW19: =IF(AK19<0,0.01,AK19/Conversions!$B$3) -> 21.561401 | CX19: =IF(AL19<0,0.01,AL19/Conversions!$B$3) -> 21.561401 | CY19: =IF(AM19<0,0.01,AM19/Conversions!$B$3) -> 21.561401 | ... DO19: =IF(BC19<0,0.01,BC19/Conversions!$B$3) -> 21.561401
A20: Crops Anaerobic - Lo | B20: Anaerobic | C20: 0 | D20: 0 | E20: 0 | F20: 0 | G20: 0 | H20: 0 | I20: 27433.453 | J20: 28191.483 | K20: 28949.513 | L20: 29707.542 | M20: 30465.572 | N20: 31223.602 | O20: 31981.631 | P20: =AVERAGE(Q20,O20) -> 32739.661 | Q20: 33497.691 | R20: 34255.72 | S20: 35013.75 | T20: 35771.779 | U20: 36529.809 | V20: 37287.839 | W20: 38045.868 | X20: 38803.898 | Y20: 39561.928 | Z20: 40319.957 | AA20: 41077.987 | AB20: 41836.017 | AD20: 196.27917 | AE20: 196.27917 | AF20: 196.27917 | AG20: 196.27917 | AH20: 196.27917 | AI20: 196.27917 | AJ20: 196.27917 | AK20: 196.27917 | AL20: 196.27917 | AM20: 196.27917 | AN20: 196.27917 | AO20: 196.27917 | AP20: 196.27917 | AQ20: 196.27917 | AR20: 196.27917 | AS20: 196.27917 | AT20: 196.27917 | AU20: 196.27917 | AV20: 196.27917 | AW20: 196.27917 | AX20: 196.27917 | AY20: 196.27917 | AZ20: 196.27917 | BA20: 196.27917 | BB20: 196.27917 | BC20: 196.27917 | BE20: 1 | BG20: ="ABIOGAS1"&BE20 -> ABIOGAS11 | BH20: =A20 -> Crops Anaerobic - Lo | BI20: ACT_BND | BJ20: BIOGAS | BK20: PJ | BL20: =E20/1000*Conversions!$B$2 -> 0 | BM20: =F20/1000*Conversions!$B$2 -> 0 | BN20: =G20/1000*Conversions!$B$2 -> 0 | BO20: =H20/1000*Conversions!$B$2 -> 0 | BP20: =I20/1000*Conversions!$B$2 -> 1.1485838 | BQ20: =J20/1000*Conversions!$B$2 -> 1.180321 | BR20: =K20/1000*Conversions!$B$2 -> 1.2120582 | BS20: =L20/1000*Conversions!$B$2 -> 1.2437954 | ... CI20: =AB20/1000*Conversions!$B$2 -> 1.7515903 | CJ20: =TREND(BT20:CI20,$BT$5:$CI$5,$CJ$5) -> 2.2276481 | CL20: =BG20 -> ABIOGAS11 | CM20: =BH20 -> Crops Anaerobic - Lo | CN20: ACTCOST | CO20: MEUR2014 | CP20: =BJ20 -> BIOGAS | CQ20: €14/GJ | CR20: =IF(AF20<0,0.01,AF20/Conversions!$B$3) -> 4.6880473 | CS20: =IF(AG20<0,0.01,AG20/Conversions!$B$3) -> 4.6880473 | CT20: =IF(AH20<0,0.01,AH20/Conversions!$B$3) -> 4.6880473 | CU20: =IF(AI20<0,0.01,AI20/Conversions!$B$3) -> 4.6880473 | CV20: =IF(AJ20<0,0.01,AJ20/Conversions!$B$3) -> 4.6880473 | CW20: =IF(AK20<0,0.01,AK20/Conversions!$B$3) -> 4.6880473 | CX20: =IF(AL20<0,0.01,AL20/Conversions!$B$3) -> 4.6880473 | CY20: =IF(AM20<0,0.01,AM20/Conversions!$B$3) -> 4.6880473 | ... DO20: =IF(BC20<0,0.01,BC20/Conversions!$B$3) -> 4.6880473
A21: Industrial Food - Lo | B21: IndFood | C21: 0 | D21: 0 | E21: 0 | F21: 0 | G21: 0 | H21: 13635.152 | I21: 13683.837 | J21: 13692.374 | K21: 16475.39 | L21: 19285.502 | M21: 22119.041 | N21: 24963.449 | O21: 27816.979 | P21: 27886.907 | Q21: 27944.707 | R21: 27992.625 | S21: 28028.007 | T21: 28052.186 | U21: 28067 | V21: 28074.295 | W21: 28075.51 | X21: 28071.852 | Y21: 28063.267 | Z21: 28050.754 | AA21: 28036.019 | AB21: 28018.419 | AD21: 0 | AE21: 0 | AF21: 0 | AG21: 0 | AH21: 0 | AI21: 0 | AJ21: 0 | AK21: 0 | AL21: 0 | AM21: 0 | AN21: 0 | AO21: 0 | AP21: 0 | AQ21: 0 | AR21: 0 | AS21: 0 | AT21: 0 | AU21: 0 | AV21: 0 | AW21: 0 | AX21: 0 | AY21: 0 | AZ21: 0 | BA21: 0 | BB21: 0 | BC21: 0 | BE21: 1 | BG21: ="MINBIOINDW1"&BE21 -> MINBIOINDW11 | BH21: =A21 -> Industrial Food - Lo | BI21: ACT_BND | BJ21: BIOSLU | BK21: PJ | BL21: =E21/1000*Conversions!$B$2 -> 0 | BM21: =F21/1000*Conversions!$B$2 -> 0 | BN21: =G21/1000*Conversions!$B$2 -> 0 | BO21: =H21/1000*Conversions!$B$2 -> 0.57087653 | BP21: =I21/1000*Conversions!$B$2 -> 0.57291491 | BQ21: =J21/1000*Conversions!$B$2 -> 0.57327233 | BR21: =K21/1000*Conversions!$B$2 -> 0.68979164 | BS21: =L21/1000*Conversions!$B$2 -> 0.8074454 | ... CI21: =AB21/1000*Conversions!$B$2 -> 1.1730752 | CJ21: =CI21 -> 1.1730752 | CL21: =BG21 -> MINBIOINDW11 | CM21: =BH21 -> Industrial Food - Lo | CN21: COST | CO21: MEUR2014 | CP21: =BJ21 -> BIOSLU | CQ21: €14/GJ | CR21: =IF(AF21<0,0.01,AF21/Conversions!$B$3) -> 0 | CS21: =IF(AG21<0,0.01,AG21/Conversions!$B$3) -> 0 | CT21: =IF(AH21<0,0.01,AH21/Conversions!$B$3) -> 0 | CU21: =IF(AI21<0,0.01,AI21/Conversions!$B$3) -> 0 | CV21: =IF(AJ21<0,0.01,AJ21/Conversions!$B$3) -> 0 | CW21: =IF(AK21<0,0.01,AK21/Conversions!$B$3) -> 0 | CX21: =IF(AL21<0,0.01,AL21/Conversions!$B$3) -> 0 | CY21: =IF(AM21<0,0.01,AM21/Conversions!$B$3) -> 0 | ... DO21: =IF(BC21<0,0.01,BC21/Conversions!$B$3) -> 0
C22: =SUM(C6:C21) -> 202908.94 | D22: =SUM(D6:D21) -> 236990.8 | E22: =SUM(E6:E21) -> 238369.99 | F22: =SUM(F6:F21) -> 244825.99 | G22: =SUM(G6:G21) -> 239353.28 | H22: =SUM(H6:H21) -> 348371.52 | I22: =SUM(I6:I21) -> 380544.84 | J22: =SUM(J6:J21) -> 380920 | ... AB22: =SUM(AB6:AB21) -> 1355198.4
A23: Resource at medium price | AD23: Medium Price
A24: Feedstock | B24: Sheet Name | C24: Total Available for Bioenergy use (toe) | AD24: Feestock price (€/toe)
C25: 2010 | D25: 2011 | E25: 2012 | F25: 2013 | G25: 2014 | H25: 2015 | I25: 2016 | J25: 2017 | K25: 2018 | L25: 2019 | M25: 2020 | N25: 2021 | O25: 2022 | P25: 2023 | Q25: 2024 | R25: 2025 | S25: 2026 | T25: 2027 | U25: 2028 | V25: 2029 | W25: 2030 | X25: 2031 | Y25: 2032 | Z25: 2033 | AA25: 2034 | AB25: 2035 | AD25: 2010 | AE25: 2011 | AF25: 2012 | AG25: 2013 | AH25: 2014 | AI25: 2015 | AJ25: 2016 | AK25: 2017 | AL25: 2018 | AM25: 2019 | AN25: 2020 | AO25: 2021 | AP25: 2022 | AQ25: 2023 | AR25: 2024 | AS25: 2025 | AT25: 2026 | AU25: 2027 | AV25: 2028 | AW25: 2029 | AX25: 2030 | AY25: 2031 | AZ25: 2032 | BA25: 2033 | BB25: 2034 | BC25: 2035 | BG25: Potentials at medium price
BG26: TFM_INS-TS | CL26: TFM_INS-TS
BG27: Pset_PN | BH27: *Description | BI27: Attribute | BJ27: *Output | BK27: *Unit | BL27: 2012 | BM27: 2013 | BN27: 2014 | BO27: 2015 | BP27: 2016 | BQ27: 2017 | BR27: 2018 | BS27: 2019 | BT27: 2020 | BU27: 2021 | BV27: 2022 | BW27: 2023 | BX27: 2024 | BY27: 2025 | BZ27: 2026 | CA27: 2027 | CB27: 2028 | CC27: 2029 | CD27: 2030 | CE27: 2031 | CF27: 2032 | CG27: 2033 | CH27: 2034 | CI27: 2035 | CJ27: 2050 | CL27: Pset_PN | CM27: *Description | CN27: Attribute | CO27: Curr | CP27: *Output | CQ27: *Unit | CR27: 2012 | CS27: 2013 | CT27: 2014 | CU27: 2015 | CV27: 2016 | CW27: 2017 | CX27: 2018 | CY27: 2019 | CZ27: 2020 | DA27: 2021 | DB27: 2022 | DC27: 2023 | DD27: 2024 | DE27: 2025 | DF27: 2026 | DG27: 2027 | DH27: 2028 | DI27: 2029 | DJ27: 2030 | DK27: 2031 | DL27: 2032 | DM27: 2033 | DN27: 2034 | DO27: 2035
A28: Forest thinnings - Me | B28: Forest | C28: 0 | D28: 0 | E28: 0 | F28: 0 | G28: 0 | H28: 0 | I28: 0 | J28: 0 | K28: 0 | L28: 0 | M28: 0 | N28: 266.98194 | O28: 593.29321 | P28: 964.10146 | Q28: 1219.5471 | R28: 1524.4339 | S28: 1779.8796 | T28: 2076.5262 | U28: 2241.3299 | V28: 2447.3345 | W28: 2719.2605 | X28: 0 | Y28: 0 | Z28: 0 | AA28: 0 | AB28: 0 | AD28: 209.34 | AE28: 209.34 | AF28: 209.34 | AG28: 209.34 | AH28: 209.34 | AI28: 209.34 | AJ28: 209.34 | AK28: 209.34 | AL28: 209.34 | AM28: 209.34 | AN28: 209.34 | AO28: 209.34 | AP28: 209.34 | AQ28: 209.34 | AR28: 209.34 | AS28: 209.34 | AT28: 209.34 | AU28: 209.34 | AV28: 209.34 | AW28: 209.34 | AX28: 209.34 | AY28: 209.34 | AZ28: 209.34 | BA28: 209.34 | BB28: 209.34 | BC28: 209.34 | BE28: 2 | BG28: ="ABIOFRSR"&BE28 -> ABIOFRSR2 | BH28: =A28 -> Forest thinnings - Me | BI28: ACT_BND | BJ28: BIOWOO | BK28: PJ | BL28: =E28/1000*Conversions!$B$2 -> 0 | BM28: =F28/1000*Conversions!$B$2 -> 0 | BN28: =G28/1000*Conversions!$B$2 -> 0 | BO28: =H28/1000*Conversions!$B$2 -> 0 | BP28: =I28/1000*Conversions!$B$2 -> 0 | BQ28: =J28/1000*Conversions!$B$2 -> 0 | BR28: =K28/1000*Conversions!$B$2 -> 0 | BS28: =L28/1000*Conversions!$B$2 -> 0 | ... CI28: =AB28/1000*Conversions!$B$2 -> 0 | CJ28: =CI28 -> 0 | CL28: =BG28 -> ABIOFRSR2 | CM28: =BH28 -> Forest thinnings - Me | CN28: ACTCOST | CO28: MEUR2014 | CP28: =BJ28 -> BIOWOO | CQ28: €14/GJ | CR28: =IF(AF28<0,0.01,AF28/Conversions!$B$3) -> 5 | CS28: =IF(AG28<0,0.01,AG28/Conversions!$B$3) -> 5 | CT28: =IF(AH28<0,0.01,AH28/Conversions!$B$3) -> 5 | CU28: =IF(AI28<0,0.01,AI28/Conversions!$B$3) -> 5 | CV28: =IF(AJ28<0,0.01,AJ28/Conversions!$B$3) -> 5 | CW28: =IF(AK28<0,0.01,AK28/Conversions!$B$3) -> 5 | CX28: =IF(AL28<0,0.01,AL28/Conversions!$B$3) -> 5 | CY28: =IF(AM28<0,0.01,AM28/Conversions!$B$3) -> 5 | ... DO28: =IF(BC28<0,0.01,BC28/Conversions!$B$3) -> 5
A29: Sawmill residues - Me | B29: Sawmill | C29: 0 | D29: 0 | E29: 0 | F29: 0 | G29: 0 | H29: 0 | I29: 0 | J29: 0 | K29: 0 | L29: 0 | M29: 0 | N29: 0 | O29: 0 | P29: 0 | Q29: 0 | R29: 0 | S29: 0 | T29: 0 | U29: 0 | V29: 0 | W29: 0 | X29: 0 | Y29: 0 | Z29: 0 | AA29: 0 | AB29: 0 | AD29: 293.076 | AE29: 293.076 | AF29: 293.076 | AG29: 293.076 | AH29: 293.076 | AI29: 293.076 | AJ29: 293.076 | AK29: 293.076 | AL29: 293.076 | AM29: 293.076 | AN29: 293.076 | AO29: 293.076 | AP29: 293.076 | AQ29: 293.076 | AR29: 293.076 | AS29: 293.076 | AT29: 293.076 | AU29: 293.076 | AV29: 293.076 | AW29: 293.076 | AX29: 293.076 | AY29: 293.076 | AZ29: 293.076 | BA29: 293.076 | BB29: 293.076 | BC29: 293.076 | BE29: 2 | BG29: ="MINBIOWOO1"&BE29 -> MINBIOWOO12 | BH29: =A29 -> Sawmill residues - Me | BI29: ACT_BND | BJ29: BIOWOO | BK29: PJ | BL29: =E29/1000*Conversions!$B$2 -> 0 | BM29: =F29/1000*Conversions!$B$2 -> 0 | BN29: =G29/1000*Conversions!$B$2 -> 0 | BO29: =H29/1000*Conversions!$B$2 -> 0 | BP29: =I29/1000*Conversions!$B$2 -> 0 | BQ29: =J29/1000*Conversions!$B$2 -> 0 | BR29: =K29/1000*Conversions!$B$2 -> 0 | BS29: =L29/1000*Conversions!$B$2 -> 0 | ... CI29: =AB29/1000*Conversions!$B$2 -> 0 | CJ29: =CI29 -> 0 | CL29: =BG29 -> MINBIOWOO12 | CM29: =BH29 -> Sawmill residues - Me | CN29: COST | CO29: MEUR2014 | CP29: =BJ29 -> BIOWOO | CQ29: €14/GJ | CR29: =IF(AF29<0,0.01,AF29/Conversions!$B$3) -> 7 | CS29: =IF(AG29<0,0.01,AG29/Conversions!$B$3) -> 7 | CT29: =IF(AH29<0,0.01,AH29/Conversions!$B$3) -> 7 | CU29: =IF(AI29<0,0.01,AI29/Conversions!$B$3) -> 7 | CV29: =IF(AJ29<0,0.01,AJ29/Conversions!$B$3) -> 7 | CW29: =IF(AK29<0,0.01,AK29/Conversions!$B$3) -> 7 | CX29: =IF(AL29<0,0.01,AL29/Conversions!$B$3) -> 7 | CY29: =IF(AM29<0,0.01,AM29/Conversions!$B$3) -> 7 | ... DO29: =IF(BC29<0,0.01,BC29/Conversions!$B$3) -> 7
A30: PCRW - Me | B30: PCRW | C30: 0 | D30: 6.116895e-13 | E30: 0 | F30: 1.2375306e-12 | G30: 1.246543e-12 | H30: 0 | I30: 0 | J30: 0 | K30: 0 | L30: 0 | M30: 0 | N30: 670.62824 | O30: 1360.9671 | P30: 2071.6076 | Q30: 2798.4815 | R30: 3551.4333 | S30: 4327.991 | T30: 5127.8414 | U30: 5951.5211 | V30: 6799.5777 | W30: 11508.855 | X30: 11687.822 | Y30: 11869.571 | Z30: 12054.147 | AA30: 12241.592 | AB30: 12431.953 | AD30: 114.78098 | AE30: 114.78098 | AF30: 114.78098 | AG30: 114.78098 | AH30: 114.78098 | AI30: 114.78098 | AJ30: 114.78098 | AK30: 114.78098 | AL30: 114.78098 | AM30: 114.78098 | AN30: 114.78098 | AO30: 114.78098 | AP30: 114.78098 | AQ30: 114.78098 | AR30: 114.78098 | AS30: 114.78098 | AT30: 114.78098 | AU30: 114.78098 | AV30: 114.78098 | AW30: 114.78098 | AX30: 114.78098 | AY30: 114.78098 | AZ30: 114.78098 | BA30: 114.78098 | BB30: 114.78098 | BC30: 114.78098 | BE30: 2 | BG30: ="MINBIOWOO2"&BE30 -> MINBIOWOO22 | BH30: =A30 -> PCRW - Me | BI30: ACT_BND | BJ30: BIOWOO | BK30: PJ | BL30: =E30/1000*Conversions!$B$2 -> 0 | BM30: =F30/1000*Conversions!$B$2 -> 5.181293e-17 | BN30: =G30/1000*Conversions!$B$2 -> 5.2190263e-17 | BO30: =H30/1000*Conversions!$B$2 -> 0 | BP30: =I30/1000*Conversions!$B$2 -> 0 | BQ30: =J30/1000*Conversions!$B$2 -> 0 | BR30: =K30/1000*Conversions!$B$2 -> 0 | BS30: =L30/1000*Conversions!$B$2 -> 0 | ... CI30: =AB30/1000*Conversions!$B$2 -> 0.520501 | CJ30: =TREND(CD30:CI30,$CD$5:$CI$5,$CJ$5) -> 0.63624052 | CL30: =BG30 -> MINBIOWOO22 | CM30: =BH30 -> PCRW - Me | CN30: COST | CO30: MEUR2014 | CP30: =BJ30 -> BIOWOO | CQ30: €14/GJ | CR30: =IF(AF30<0,0.01,AF30/Conversions!$B$3) -> 2.7414966 | CS30: =IF(AG30<0,0.01,AG30/Conversions!$B$3) -> 2.7414966 | CT30: =IF(AH30<0,0.01,AH30/Conversions!$B$3) -> 2.7414966 | CU30: =IF(AI30<0,0.01,AI30/Conversions!$B$3) -> 2.7414966 | CV30: =IF(AJ30<0,0.01,AJ30/Conversions!$B$3) -> 2.7414966 | CW30: =IF(AK30<0,0.01,AK30/Conversions!$B$3) -> 2.7414966 | CX30: =IF(AL30<0,0.01,AL30/Conversions!$B$3) -> 2.7414966 | CY30: =IF(AM30<0,0.01,AM30/Conversions!$B$3) -> 2.7414966 | ... DO30: =IF(BC30<0,0.01,BC30/Conversions!$B$3) -> 2.7414966
A31: Solid BMSW - Me | B31: SolidBMSW | C31: 0 | D31: 0 | E31: 48000.202 | F31: 86247.486 | G31: 78917.875 | H31: 0 | I31: 0 | J31: 0 | K31: 0 | L31: 0 | M31: 0 | N31: 0 | P31: 0 | Q31: 0 | R31: 0 | S31: 0 | T31: 0 | U31: 0 | V31: 0 | W31: 0 | X31: 0 | Y31: 0 | Z31: 0 | AA31: 0 | AB31: 0 | AD31: -510 | AE31: -510 | AF31: -510 | AG31: -510 | AH31: -510 | AI31: -510 | AJ31: -510 | AK31: -510 | AL31: -510 | AM31: -510 | AN31: -510 | AO31: -510 | AP31: -510 | AQ31: -510 | AR31: -510 | AS31: -510 | AT31: -510 | AU31: -510 | AV31: -510 | AW31: -510 | AX31: -510 | AY31: -510 | AZ31: -510 | BA31: -510 | BB31: -510 | BC31: -510 | BE31: 2 | BG31: ="MINBMSW1"&BE31 -> MINBMSW12 | BH31: =A31 -> Solid BMSW - Me | BI31: ACT_BND | BJ31: BIOMUN | BK31: PJ | BL31: =E31/1000*Conversions!$B$2 -> 2.0096725 | BM31: =F31/1000*Conversions!$B$2 -> 3.6110097 | BN31: =G31/1000*Conversions!$B$2 -> 3.3041336 | BO31: =H31/1000*Conversions!$B$2 -> 0 | BP31: =I31/1000*Conversions!$B$2 -> 0 | BQ31: =J31/1000*Conversions!$B$2 -> 0 | BR31: =K31/1000*Conversions!$B$2 -> 0 | BS31: =L31/1000*Conversions!$B$2 -> 0 | ... CI31: =AB31/1000*Conversions!$B$2 -> 0 | CJ31: =CI31 -> 0 | CL31: =BG31 -> MINBMSW12 | CM31: =BH31 -> Solid BMSW - Me | CN31: COST | CO31: MEUR2014 | CP31: =BJ31 -> BIOMUN | CQ31: €14/GJ | CR31: =IF(AF31<0,0.01,AF31/Conversions!$B$3) -> 0.01 | CS31: =IF(AG31<0,0.01,AG31/Conversions!$B$3) -> 0.01 | CT31: =IF(AH31<0,0.01,AH31/Conversions!$B$3) -> 0.01 | CU31: =IF(AI31<0,0.01,AI31/Conversions!$B$3) -> 0.01 | CV31: =IF(AJ31<0,0.01,AJ31/Conversions!$B$3) -> 0.01 | CW31: =IF(AK31<0,0.01,AK31/Conversions!$B$3) -> 0.01 | CX31: =IF(AL31<0,0.01,AL31/Conversions!$B$3) -> 0.01 | CY31: =IF(AM31<0,0.01,AM31/Conversions!$B$3) -> 0.01 | ... DO31: =IF(BC31<0,0.01,BC31/Conversions!$B$3) -> 0.01
A32: Tallow - Me | B32: Tallow | C32: 14090.287 | D32: 13987.531 | E32: 14529.938 | F32: 14448.933 | G32: 14367.929 | H32: 14286.924 | I32: 14279.122 | J32: 14178.51 | K32: 14258.907 | L32: 14323.564 | M32: 14377.129 | N32: 14421.106 | O32: 14468.044 | P32: 14503.531 | Q32: 14516.466 | R32: 14511.163 | S32: 14477.023 | T32: 14421.996 | U32: 14351.187 | V32: 14268.42 | W32: 14177.061 | X32: 14080.719 | Y32: 13981.103 | Z32: 13879.506 | AA32: 13777.75 | AB32: 13672.954 | AD32: 425.98256 | AE32: 425.98256 | AF32: 425.98256 | AG32: 425.98256 | AH32: 425.98256 | AI32: 425.98256 | AJ32: 425.98256 | AK32: 425.98256 | AL32: 425.98256 | AM32: 425.98256 | AN32: 425.98256 | AO32: 425.98256 | AP32: 425.98256 | AQ32: 425.98256 | AR32: 425.98256 | AS32: 425.98256 | AT32: 425.98256 | AU32: 425.98256 | AV32: 425.98256 | AW32: 425.98256 | AX32: 425.98256 | AY32: 425.98256 | AZ32: 425.98256 | BA32: 425.98256 | BB32: 425.98256 | BC32: 425.98256 | BE32: 2 | BG32: ="MINBIOAGRW4"&BE32 -> MINBIOAGRW42 | BH32: =A32 -> Tallow - Me | BI32: ACT_BND | BJ32: BIOWOO | BK32: PJ | BL32: =E32/1000*Conversions!$B$2 -> 0.60833944 | BM32: =F32/1000*Conversions!$B$2 -> 0.60494794 | BN32: =G32/1000*Conversions!$B$2 -> 0.60155645 | BO32: =H32/1000*Conversions!$B$2 -> 0.59816495 | BP32: =I32/1000*Conversions!$B$2 -> 0.59783829 | BQ32: =J32/1000*Conversions!$B$2 -> 0.59362588 | BR32: =K32/1000*Conversions!$B$2 -> 0.59699193 | BS32: =L32/1000*Conversions!$B$2 -> 0.59969899 | ... CI32: =AB32/1000*Conversions!$B$2 -> 0.57245926 | CJ32: =TREND(BT32:CI32,$BT$5:$CI$5,$CJ$5) -> 0.54711214 | CL32: =BG32 -> MINBIOAGRW42 | CM32: =BH32 -> Tallow - Me | CN32: COST | CO32: MEUR2014 | CP32: =BJ32 -> BIOWOO | CQ32: €14/GJ | CR32: =IF(AF32<0,0.01,AF32/Conversions!$B$3) -> 10.174419 | CS32: =IF(AG32<0,0.01,AG32/Conversions!$B$3) -> 10.174419 | CT32: =IF(AH32<0,0.01,AH32/Conversions!$B$3) -> 10.174419 | CU32: =IF(AI32<0,0.01,AI32/Conversions!$B$3) -> 10.174419 | CV32: =IF(AJ32<0,0.01,AJ32/Conversions!$B$3) -> 10.174419 | CW32: =IF(AK32<0,0.01,AK32/Conversions!$B$3) -> 10.174419 | CX32: =IF(AL32<0,0.01,AL32/Conversions!$B$3) -> 10.174419 | CY32: =IF(AM32<0,0.01,AM32/Conversions!$B$3) -> 10.174419 | ... DO32: =IF(BC32<0,0.01,BC32/Conversions!$B$3) -> 10.174419
