Workbook

Sheet Cover
A16: TIMES-Ireland Model
A19: Document type: | B19: Scenario
A20: Sector(s): | B20: All
A21: Purpose: | B21: Specify a carbon budget
A23: Original developer(s): | B23: Vahid Aryanpur (UCC, vahid.aryanpur@ucc.ie)
A26: Current maintainer(s): | B26: Vahid Aryanpur (UCC, vahid.aryanpur@ucc.ie)
A29: Part of TIM version:
A30: Model repository: | B30: https://github.com/MaREI-EPMG/TIMES-Ireland-model
A31: Licence: | B31: CC BY-NC-SA 4.0 (unless specified otherwise)
B32: https://creativecommons.org/licenses/by-nc-sa/4.0/

Sheet Regions
C3: {=IF(LEFT(INDEX(C5:C7,$A$4),1)<>"*",INDEX(C5:C7,$A$4),"")} -> IE | D3: {=IF(LEFT(INDEX(D5:D7,$A$4),1)<>"*",INDEX(D5:D7,$A$4),"")} -> National | E3: {=IF(LEFT(INDEX(E5:E7,$A$4),1)<>"*",INDEX(E5:E7,$A$4),"")} -> IE-CW | F3: {=IF(LEFT(INDEX(F5:F7,$A$4),1)<>"*",INDEX(F5:F7,$A$4),"")} -> IE-D | G3: {=IF(LEFT(INDEX(G5:G7,$A$4),1)<>"*",INDEX(G5:G7,$A$4),"")} -> IE-KE | H3: {=IF(LEFT(INDEX(H5:H7,$A$4),1)<>"*",INDEX(H5:H7,$A$4),"")} -> IE-KK | I3: {=IF(LEFT(INDEX(I5:I7,$A$4),1)<>"*",INDEX(I5:I7,$A$4),"")} -> IE-LS | J3: {=IF(LEFT(INDEX(J5:J7,$A$4),1)<>"*",INDEX(J5:J7,$A$4),"")} -> IE-LD | ... AD3: {=IF(LEFT(INDEX(AD5:AD7,$A$4),1)<>"*",INDEX(AD5:AD7,$A$4),"")} -> IE-MN
A4: 1
A5: Development | C5: IE | D5: National | E5: =Regions!A11 -> IE-CW | F5: =Regions!A16 -> IE-D | G5: =Regions!A19 -> IE-KE | H5: =Regions!A20 -> IE-KK | I5: =Regions!A21 -> IE-LS | J5: =Regions!A24 -> IE-LD | K5: =Regions!A25 -> IE-LH | L5: =Regions!A27 -> IE-MH | M5: =Regions!A29 -> IE-OY | N5: =Regions!A34 -> IE-WH | O5: =Regions!A35 -> IE-WX | P5: =Regions!A36 -> IE-WW | Q5: =Regions!A13 -> IE-CE | R5: =Regions!A14 -> IE-CO | S5: =Regions!A18 -> IE-KY | T5: =Regions!A23 -> IE-LK | U5: =Regions!A32 -> IE-TA | V5: =Regions!A33 -> IE-WD | W5: =Regions!A17 -> IE-G | X5: =Regions!A22 -> IE-LM | Y5: =Regions!A26 -> IE-MO | Z5: =Regions!A30 -> IE-RN | AA5: =Regions!A31 -> IE-SO | AB5: =Regions!A12 -> IE-CN | AC5: =Regions!A15 -> IE-DL | AD5: =Regions!A28 -> IE-MN
A6: Single-region | C6: =C5 -> IE | D6: =IF(LEFT(D5,1)<>"*","*"&D5,D5) -> *National | E6: =IF(LEFT(E5,1)<>"*","*"&E5,E5) -> *IE-CW | F6: =IF(LEFT(F5,1)<>"*","*"&F5,F5) -> *IE-D | G6: =IF(LEFT(G5,1)<>"*","*"&G5,G5) -> *IE-KE | H6: =IF(LEFT(H5,1)<>"*","*"&H5,H5) -> *IE-KK | I6: =IF(LEFT(I5,1)<>"*","*"&I5,I5) -> *IE-LS | J6: =IF(LEFT(J5,1)<>"*","*"&J5,J5) -> *IE-LD | K6: =IF(LEFT(K5,1)<>"*","*"&K5,K5) -> *IE-LH | ... AD6: =IF(LEFT(AD5,1)<>"*","*"&AD5,AD5) -> *IE-MN
A7: Multi-region | C7: ="*"&C5 -> *IE | D7: =D5 -> National | E7: =E5 -> IE-CW | F7: =F5 -> IE-D | G7: =G5 -> IE-KE | H7: =H5 -> IE-KK | I7: =I5 -> IE-LS | J7: =J5 -> IE-LD | K7: =K5 -> IE-LH | ... AD7: =AD5 -> IE-MN
A10: Code | B10: County name
A11: IE-CW | B11: Carlow
A12: IE-CN | B12: Cavan
A13: IE-CE | B13: Clare
A14: IE-CO | B14: Cork
A15: IE-DL | B15: Donegal
A16: IE-D | B16: Dublin
A17: IE-G | B17: Galway
A18: IE-KY | B18: Kerry
A19: IE-KE | B19: Kildare
A20: IE-KK | B20: Kilkenny
A21: IE-LS | B21: Laois
... A36: IE-WW | B36: Wicklow
A37: Source: https://en.wikipedia.org/wiki/ISO_3166-2:IE

Sheet Overshoot
B2: ~InputCell:1-13
B3: 1 | F3: Case # | G3: Overshoot
F4: 1 | G4: 0
F5: 2 | G5: 0.025
F6: 3 | G6: 0.05
F7: 4 | G7: 0.075
F8: 5 | G8: 0.1
F9: 6 | G9: 0.125
F10: 7 | G10: 0.15
F11: 8 | G11: 0.175
F12: 9 | G12: 0.2
F13: 10 | G13: 0.225
F14: 11 | G14: 0.25
F15: 12 | G15: 0.275
F16: 13 | G16: 0.3

Sheet config
B4: UC_N | C4: =_xlfn.TEXTJOIN("_",TRUE,"UC","CB",ROUND(C7,0),"Mt",C6) -> UC_CB_128_Mt_2021-2025 | D4: =_xlfn.TEXTJOIN("_",TRUE,"UC","CB",ROUND(D7,0),"Mt",D6) -> UC_CB_87_Mt_2026-2030 | E4: =_xlfn.TEXTJOIN("_",TRUE,"UC","CB",ROUND(E7,0),"Mt",E6) -> UC_CB_85_Mt_2031-2050 | F4: =_xlfn.TEXTJOIN("_",TRUE,"UC","CB",ROUND(F7,0),"Mt",F6) -> UC_CB_0_Mt_2051-2100
B5: UC_desc | C5: =_xlfn.TEXTJOIN(" ",TRUE,"Carbon budget",ROUND(C7,0),"Mt",C6) -> Carbon budget 128 Mt 2021-2025 | D5: =_xlfn.TEXTJOIN(" ",TRUE,"Carbon budget",ROUND(D7,0),"Mt",D6) -> Carbon budget 87 Mt 2026-2030 | E5: =_xlfn.TEXTJOIN(" ",TRUE,"Carbon budget",ROUND(E7,0),"Mt",E6) -> Carbon budget 85 Mt 2031-2050 | F5: =_xlfn.TEXTJOIN(" ",TRUE,"Carbon budget",ROUND(F7,0),"Mt",F6) -> Carbon budget 0 Mt 2051-2100
B6: Year | C6: 2021-2025 | D6: 2026-2030 | E6: 2031-2050 | F6: 2051-2100
B7: Value | C7: 127.73438 | D7: 87.109375 | E7: 85.15625 | F7: 0
B8: Pset_PN | C8: T-A*INT*,T-NAV* | D8: T-A*INT*,T-NAV* | E8: T-A*INT*,T-NAV* | F8: T-A*INT*,T-NAV*
B9: Cset_CN | C9: TOTCO2 | D9: TOTCO2 | E9: TOTCO2 | F9: TOTCO2
B10: Cset_Set | C10: ENV | D10: ENV | E10: ENV | F10: ENV
B11: Other_indexes | C11: NET | D11: NET | E11: NET | F11: NET
B12: LimType | C12: UP | D12: UP | E12: UP | F12: UP
B13: UC_CUMFLO | C13: -1 | D13: -1 | E13: -1 | F13: -1
B14: UC_CUMCOM | C14: 1 | D14: 1 | E14: 1 | F14: 1

Sheet single
A1: UC - Each Region/All Periods
B2: ="~UC_Sets: R_E: " & _xlfn.TEXTJOIN(",",TRUE,Regions!C3) -> ~UC_Sets: R_E: IE
B3: ~UC_Sets: T_S:
H4: =IF(RIGHT(B2,1)<>" ","~UC_T","") -> ~UC_T
B5: UC_N | C5: Cset_CN | D5: Cset_Set | E5: Pset_PN | F5: Year | G5: Other_indexes | H5: LimType | I5: UC_CUMCOM | J5: UC_CUMFLO | K5: UC_RHSR | L5: UC_Desc
B6: *Units | K6: *kt | N6: Original values
B7: =VLOOKUP($B$5, config!$B$4:$F$14,2,FALSE) & "_Single" -> UC_CB_128_Mt_2021-2025_Single | C7: =VLOOKUP(C$5, config!$B$4:$F$14,2,FALSE) -> TOTCO2 | D7: =VLOOKUP(D$5, config!$B$4:$F$14,2,FALSE) -> ENV | F7: =VLOOKUP(F$5, config!$B$4:$F$14,2,FALSE) -> 2021-2025 | G7: =VLOOKUP(G$5, config!$B$4:$F$14,2,FALSE) -> NET | H7: =VLOOKUP(H$5, config!$B$4:$F$14,2,FALSE) -> UP | I7: =VLOOKUP(I$5, config!$B$4:$F$14,2,FALSE) -> 1 | K7: =N7*(1+VLOOKUP(Overshoot!$B$3,Overshoot!$F$3:$G$25,2,FALSE)) -> 127734.38 | L7: =VLOOKUP($L$5, config!$B$4:$F$14,2,FALSE) & " - Single" -> Carbon budget 128 Mt 2021-2025 - Single | N7: =config!C7*1000 -> 127734.38
B8: =VLOOKUP($B$5, config!$B$4:$F$14,3,FALSE) & "_Single" -> UC_CB_87_Mt_2026-2030_Single | C8: =VLOOKUP(C$5, config!$B$4:$F$14,3,FALSE) -> TOTCO2 | D8: =VLOOKUP(D$5, config!$B$4:$F$14,3,FALSE) -> ENV | F8: =VLOOKUP(F$5, config!$B$4:$F$14,3,FALSE) -> 2026-2030 | G8: =VLOOKUP(G$5, config!$B$4:$F$14,3,FALSE) -> NET | H8: =VLOOKUP(H$5, config!$B$4:$F$14,3,FALSE) -> UP | I8: =VLOOKUP(I$5, config!$B$4:$F$14,3,FALSE) -> 1 | K8: =N8*(1+VLOOKUP(Overshoot!$B$3,Overshoot!$F$3:$G$25,2,FALSE)) -> 87109.375 | L8: =VLOOKUP($L$5, config!$B$4:$F$14,3,FALSE) & " - Single" -> Carbon budget 87 Mt 2026-2030 - Single | N8: =config!D7*1000 -> 87109.375
B9: =VLOOKUP($B$5, config!$B$4:$F$14,4,FALSE) & "_Single" -> UC_CB_85_Mt_2031-2050_Single | C9: =VLOOKUP(C$5, config!$B$4:$F$14,4,FALSE) -> TOTCO2 | D9: =VLOOKUP(D$5, config!$B$4:$F$14,4,FALSE) -> ENV | F9: =VLOOKUP(F$5, config!$B$4:$F$14,4,FALSE) -> 2031-2050 | G9: =VLOOKUP(G$5, config!$B$4:$F$14,4,FALSE) -> NET | H9: =VLOOKUP(H$5, config!$B$4:$F$14,4,FALSE) -> UP | I9: =VLOOKUP(I$5, config!$B$4:$F$14,4,FALSE) -> 1 | K9: =SUM(N7:N10)-K7-K8 -> 85156.25 | L9: =VLOOKUP($L$5, config!$B$4:$F$14,4,FALSE) & " - Single" -> Carbon budget 85 Mt 2031-2050 - Single | N9: =config!E7*1000 -> 85156.25
B10: =VLOOKUP($B$5, config!$B$4:$F$14,5,FALSE) & "_Single" -> UC_CB_0_Mt_2051-2100_Single | C10: =VLOOKUP(C$5, config!$B$4:$F$14,5,FALSE) -> TOTCO2 | D10: =VLOOKUP(D$5, config!$B$4:$F$14,5,FALSE) -> ENV | F10: =VLOOKUP(F$5, config!$B$4:$F$14,5,FALSE) -> 2051-2100 | G10: =VLOOKUP(G$5, config!$B$4:$F$14,5,FALSE) -> NET | H10: =VLOOKUP(H$5, config!$B$4:$F$14,5,FALSE) -> UP | I10: =VLOOKUP(I$5, config!$B$4:$F$14,5,FALSE) -> 1 | K10: =VLOOKUP("Value", config!$B$4:$F$14,5,FALSE)*1000 -> 0 | L10: =VLOOKUP($L$5, config!$B$4:$F$14,5,FALSE) & " - Single" -> Carbon budget 0 Mt 2051-2100 - Single | N10: 0

Sheet multi
A1: UC - All Regions/Each Period
B2: ="~UC_Sets: R_S: " & _xlfn.TEXTJOIN(",",TRUE,Regions!D3:AD3) -> ~UC_Sets: R_S: National,IE-CW,IE-D,IE-KE,IE-KK,IE-LS,IE-LD,IE-LH,IE-MH,IE-OY,IE-WH,IE-WX,IE-WW,IE-CE,IE-CO,IE-KY,IE-LK,IE-TA,IE-WD,IE-G,IE-LM,IE-MO,IE-RN,IE-SO,IE-CN,IE-DL,IE-MN
B3: ~UC_Sets: T_S:
H4: =IF(RIGHT(B2,1)<>" ","~UC_T","") -> ~UC_T
B5: UC_N | C5: Cset_CN | D5: Cset_Set | E5: Pset_PN | F5: Year | G5: Other_indexes | H5: LimType | I5: UC_CUMCOM | J5: UC_CUMFLO | K5: UC_RHS | L5: UC_Desc
B6: *Units | K6: *kt
B7: =VLOOKUP(B$5, config!$B$4:$F$14,2,FALSE) & "_Multi" -> UC_CB_128_Mt_2021-2025_Multi | C7: =VLOOKUP(C$5, config!$B$4:$F$14,2,FALSE) -> TOTCO2 | D7: =VLOOKUP(D$5, config!$B$4:$F$14,2,FALSE) -> ENV | F7: =VLOOKUP(F$5, config!$B$4:$F$14,2,FALSE) -> 2021-2025 | G7: =VLOOKUP(G$5, config!$B$4:$F$14,2,FALSE) -> NET | H7: =VLOOKUP(H$5, config!$B$4:$F$14,2,FALSE) -> UP | I7: =VLOOKUP(I$5, config!$B$4:$F$14,2,FALSE) -> 1 | K7: =single!K7 -> 127734.38 | L7: =VLOOKUP(L$5, config!$B$4:$F$14,2,FALSE) & " - Multi" -> Carbon budget 128 Mt 2021-2025 - Multi
B8: =VLOOKUP(B$5, config!$B$4:$F$14,3,FALSE) & "_Multi" -> UC_CB_87_Mt_2026-2030_Multi | C8: =VLOOKUP(C$5, config!$B$4:$F$14,3,FALSE) -> TOTCO2 | D8: =VLOOKUP(D$5, config!$B$4:$F$14,3,FALSE) -> ENV | F8: =VLOOKUP(F$5, config!$B$4:$F$14,3,FALSE) -> 2026-2030 | G8: =VLOOKUP(G$5, config!$B$4:$F$14,3,FALSE) -> NET | H8: =VLOOKUP(H$5, config!$B$4:$F$14,3,FALSE) -> UP | I8: =VLOOKUP(I$5, config!$B$4:$F$14,3,FALSE) -> 1 | K8: =single!K8 -> 87109.375 | L8: =VLOOKUP(L$5, config!$B$4:$F$14,3,FALSE) & " - Multi" -> Carbon budget 87 Mt 2026-2030 - Multi
B9: =VLOOKUP(B$5, config!$B$4:$F$14,4,FALSE) & "_Multi" -> UC_CB_85_Mt_2031-2050_Multi | C9: =VLOOKUP(C$5, config!$B$4:$F$14,4,FALSE) -> TOTCO2 | D9: =VLOOKUP(D$5, config!$B$4:$F$14,4,FALSE) -> ENV | F9: =VLOOKUP(F$5, config!$B$4:$F$14,4,FALSE) -> 2031-2050 | G9: =VLOOKUP(G$5, config!$B$4:$F$14,4,FALSE) -> NET | H9: =VLOOKUP(H$5, config!$B$4:$F$14,4,FALSE) -> UP | I9: =VLOOKUP(I$5, config!$B$4:$F$14,4,FALSE) -> 1 | K9: =single!K9 -> 85156.25 | L9: =VLOOKUP(L$5, config!$B$4:$F$14,4,FALSE) & " - Multi" -> Carbon budget 85 Mt 2031-2050 - Multi
B10: =VLOOKUP(B$5, config!$B$4:$F$14,5,FALSE) & "_Multi" -> UC_CB_0_Mt_2051-2100_Multi | C10: =VLOOKUP(C$5, config!$B$4:$F$14,5,FALSE) -> TOTCO2 | D10: =VLOOKUP(D$5, config!$B$4:$F$14,5,FALSE) -> ENV | F10: =VLOOKUP(F$5, config!$B$4:$F$14,5,FALSE) -> 2051-2100 | G10: =VLOOKUP(G$5, config!$B$4:$F$14,5,FALSE) -> NET | H10: =VLOOKUP(H$5, config!$B$4:$F$14,5,FALSE) -> UP | I10: =VLOOKUP(I$5, config!$B$4:$F$14,5,FALSE) -> 1 | K10: =single!K10 -> 0 | L10: =VLOOKUP(L$5, config!$B$4:$F$14,5,FALSE) & " - Multi" -> Carbon budget 0 Mt 2051-2100 - Multi

Sheet negative_CO2
B2: ~TFM_INS
B3: TimeSlice | C3: LimType | D3: Attribute | E3: Year | F3: Cset_CN | G3: =Regions!C3 -> IE | H3: =Regions!D3 -> National
C4: N | D4: COM_BNDNET | E4: 0 | F4: PWRCO2N | G4: -1 | H4: =G4 -> -1
