Workbook

Sheet Cover
A16: TIMES-Ireland Model
A19: Document type: | B19: Scenario
A20: Sector(s): | B20: All
A21: Purpose: | B21: Specify sectoral emissions ceilings
A23: Original developer(s): | B23: Olexandr Balyk (UCC, olexandr.balyk@ucc.ie)
A26: Current maintainer(s): | B26: Olexandr Balyk (UCC, olexandr.balyk@ucc.ie)
A29: Part of TIM version: | B29: 1
A30: Model repository: | B30: https://github.com/MaREI-EPMG/TIMES-Ireland-model
A31: Licence: | B31: CC BY-NC-SA 4.0 (unless specified otherwise)
B32: https://creativecommons.org/licenses/by-nc-sa/4.0/

Sheet Regions
C3: {=IF(LEFT(INDEX(C5:C7,$A$4),1)<>"*",INDEX(C5:C7,$A$4),"")} -> IE | D3: {=IF(LEFT(INDEX(D5:D7,$A$4),1)<>"*",INDEX(D5:D7,$A$4),"")} -> National | E3: {=IF(LEFT(INDEX(E5:E7,$A$4),1)<>"*",INDEX(E5:E7,$A$4),"")} -> IE-CW | F3: {=IF(LEFT(INDEX(F5:F7,$A$4),1)<>"*",INDEX(F5:F7,$A$4),"")} -> IE-D | G3: {=IF(LEFT(INDEX(G5:G7,$A$4),1)<>"*",INDEX(G5:G7,$A$4),"")} -> IE-KE | H3: {=IF(LEFT(INDEX(H5:H7,$A$4),1)<>"*",INDEX(H5:H7,$A$4),"")} -> IE-KK | I3: {=IF(LEFT(INDEX(I5:I7,$A$4),1)<>"*",INDEX(I5:I7,$A$4),"")} -> IE-LS | J3: {=IF(LEFT(INDEX(J5:J7,$A$4),1)<>"*",INDEX(J5:J7,$A$4),"")} -> IE-LD | ... AD3: {=IF(LEFT(INDEX(AD5:AD7,$A$4),1)<>"*",INDEX(AD5:AD7,$A$4),"")} -> IE-MN
A4: 1
A5: Development | C5: IE | D5: National | E5: =Regions!A11 -> IE-CW | F5: =Regions!A16 -> IE-D | G5: =Regions!A19 -> IE-KE | H5: =Regions!A20 -> IE-KK | I5: =Regions!A21 -> IE-LS | J5: =Regions!A24 -> IE-LD | K5: =Regions!A25 -> IE-LH | L5: =Regions!A27 -> IE-MH | M5: =Regions!A29 -> IE-OY | N5: =Regions!A34 -> IE-WH | O5: =Regions!A35 -> IE-WX | P5: =Regions!A36 -> IE-WW | Q5: =Regions!A13 -> IE-CE | R5: =Regions!A14 -> IE-CO | S5: =Regions!A18 -> IE-KY | T5: =Regions!A23 -> IE-LK | U5: =Regions!A32 -> IE-TA | V5: =Regions!A33 -> IE-WD | W5: =Regions!A17 -> IE-G | X5: =Regions!A22 -> IE-LM | Y5: =Regions!A26 -> IE-MO | Z5: =Regions!A30 -> IE-RN | AA5: =Regions!A31 -> IE-SO | AB5: =Regions!A12 -> IE-CN | AC5: =Regions!A15 -> IE-DL | AD5: =Regions!A28 -> IE-MN
A6: Single-region | C6: =C5 -> IE | D6: =IF(LEFT(D5,1)<>"*","*"&D5,D5) -> *National | E6: =IF(LEFT(E5,1)<>"*","*"&E5,E5) -> *IE-CW | F6: =IF(LEFT(F5,1)<>"*","*"&F5,F5) -> *IE-D | G6: =IF(LEFT(G5,1)<>"*","*"&G5,G5) -> *IE-KE | H6: =IF(LEFT(H5,1)<>"*","*"&H5,H5) -> *IE-KK | I6: =IF(LEFT(I5,1)<>"*","*"&I5,I5) -> *IE-LS | J6: =IF(LEFT(J5,1)<>"*","*"&J5,J5) -> *IE-LD | K6: =IF(LEFT(K5,1)<>"*","*"&K5,K5) -> *IE-LH | ... AD6: =IF(LEFT(AD5,1)<>"*","*"&AD5,AD5) -> *IE-MN
A7: Multi-region | C7: ="*"&C5 -> *IE | D7: =D5 -> National | E7: =E5 -> IE-CW | F7: =F5 -> IE-D | G7: =G5 -> IE-KE | H7: =H5 -> IE-KK | I7: =I5 -> IE-LS | J7: =J5 -> IE-LD | K7: =K5 -> IE-LH | ... AD7: =AD5 -> IE-MN
A10: Code | B10: County name
A11: IE-CW | B11: Carlow
A12: IE-CN | B12: Cavan
A13: IE-CE | B13: Clare
A14: IE-CO | B14: Cork
A15: IE-DL | B15: Donegal
A16: IE-D | B16: Dublin
A17: IE-G | B17: Galway
A18: IE-KY | B18: Kerry
A19: IE-KE | B19: Kildare
A20: IE-KK | B20: Kilkenny
A21: IE-LS | B21: Laois
... A36: IE-WW | B36: Wicklow
A37: Source: https://en.wikipedia.org/wiki/ISO_3166-2:IE

Sheet config
B3: Sectoral Emissions Ceilings
C5: 2021-2025 | D5: 2026-2030
B6: Electricity | C6: 40 | D6: 20
B7: Transport | C7: 54 | D7: 37
B8: Residential | C8: 29 | D8: 23
B9: Services | C9: 7 | D9: 5
B10: Industry | C10: 30 | D10: 24
B11: Agriculture | C11: 106 | D11: 96
B12: LULUCF
C13: 295 | D13: 200

Sheet single
A1: UC - Each Region/All Periods
B2: ="~UC_Sets: R_E: " & _xlfn.TEXTJOIN(",",TRUE,Regions!C3) -> ~UC_Sets: R_E: IE
B3: ~UC_Sets: T_S:
H4: =IF(RIGHT(B2,1)<>" ","~UC_T","") -> ~UC_T
B5: UC_N | C5: Cset_CN | D5: Cset_Set | E5: Pset_PN | F5: Year | G5: Other_indexes | H5: LimType | I5: UC_CUMCOM | J5: UC_CUMFLO | K5: UC_RHSR | L5: UC_Desc
B6: *Units | K6: *kt
B7: UC_SCB_TRA_2021-2025_Single | C7: TRACO2N | D7: ENV | F7: 2021-2025 | G7: NET | H7: UP | I7: 1 | K7: =config!C7*1000 -> 54000 | L7: TRA Carbon Budget-2021-2025- Single
C8: *CO2*,-*CO2S | D8: ENV | E8: T-A*INT*,T-NAV* | F8: 2021-2026 | J8: -1
B9: UC_SCB_TRA_2026-2030_Single | C9: TRACO2N | D9: ENV | F9: 2026-2030 | G9: NET | H9: UP | I9: 1 | K9: =config!D7*1000 -> 37000 | L9: TRA Carbon Budget-2026-2030- Single
C10: *CO2*,-*CO2S | D10: ENV | E10: T-A*INT*,T-NAV* | F10: 2026-2030 | J10: -1
B11: UC_SCB_RSD_2021-2025_Single | C11: RSDCO2 | D11: ENV | F11: 2021-2026 | G11: NET | H11: UP | I11: 1 | K11: =config!C8*1000 -> 29000 | L11: RSD Carbon Budget-2021-2025- Single
B12: UC_SCB_RSD_2026-2030_Single | C12: RSDCO2 | D12: ENV | F12: 2026-2030 | G12: NET | H12: UP | I12: 1 | K12: =config!D8*1000 -> 23000 | L12: RSD Carbon Budget-2026-2030- Single
B13: UC_SCB_SRV_2021-2025_Single | C13: SRVCO2N | D13: ENV | F13: 2021-2026 | G13: NET | H13: UP | I13: 1 | K13: =config!C9*1000 -> 7000 | L13: SRV Carbon Budget-2021-2025- Single
B14: UC_SCB_SRV_2026-2030_Single | C14: SRVCO2N | D14: ENV | F14: 2026-2030 | G14: NET | H14: UP | I14: 1 | K14: =config!D9*1000 -> 5000 | L14: SRV Carbon Budget-2026-2030- Single
B15: UC_SCB_PWR_2021-2025_Single | C15: PWRCO2N | D15: ENV | F15: 2021-2026 | G15: NET | H15: UP | I15: 1 | K15: =config!C6*1000 -> 40000 | L15: PWR Carbon Budget-2021-2025- Single
B16: UC_SCB_PWR_2026-2030_Single | C16: PWRCO2N | D16: ENV | F16: 2026-2030 | G16: NET | H16: UP | I16: 1 | K16: =config!D6*1000 -> 20000 | L16: PWR Carbon Budget-2026-2030- Single
B17: UC_SCB_IND_2021-2025_Single | C17: INDCO2N,INDCO2P | D17: ENV | F17: 2021-2026 | G17: NET | H17: UP | I17: 1 | K17: =config!C10*1000 -> 30000 | L17: IND Carbon Budget-2021-2025- Single
B18: UC_SCB_IND_2026-2030_Single | C18: INDCO2N,INDCO2P | D18: ENV | F18: 2026-2030 | G18: NET | H18: UP | I18: 1 | K18: =config!D10*1000 -> 24000 | L18: IND Carbon Budget-2026-2030- Single

Sheet multi
A1: UC - All Regions/Each Period
B2: ="~UC_Sets: R_S: " & _xlfn.TEXTJOIN(",",TRUE,Regions!D3:AD3) -> ~UC_Sets: R_S: National,IE-CW,IE-D,IE-KE,IE-KK,IE-LS,IE-LD,IE-LH,IE-MH,IE-OY,IE-WH,IE-WX,IE-WW,IE-CE,IE-CO,IE-KY,IE-LK,IE-TA,IE-WD,IE-G,IE-LM,IE-MO,IE-RN,IE-SO,IE-CN,IE-DL,IE-MN
B3: ~UC_Sets: T_S:
H4: =IF(RIGHT(B2,1)<>" ","~UC_T","") -> ~UC_T
B5: UC_N | C5: Cset_CN | D5: Cset_Set | E5: Pset_PN | F5: Year | G5: Other_indexes | H5: LimType | I5: UC_CUMCOM | J5: UC_CUMFLO | K5: UC_RHS | L5: UC_Desc
B6: *Units | K6: *kt
B7: UC_SCB_TRA_2021-2025_Multi | C7: TRACO2N | D7: ENV | F7: 2021-2025 | G7: NET | H7: UP | I7: 1 | K7: =config!C7*1000 -> 54000 | L7: TRA Carbon Budget-2021-2025- Multi
C8: *CO2*,-*CO2S | D8: ENV | E8: T-A*INT*,T-NAV* | F8: 2021-2026 | J8: -1
B9: UC_SCB_TRA_2026-2030_Multi | C9: TRACO2N | D9: ENV | F9: 2026-2030 | G9: NET | H9: UP | I9: 1 | K9: =config!D7*1000 -> 37000 | L9: TRA Carbon Budget-2026-2030- Multi
C10: *CO2*,-*CO2S | D10: ENV | E10: T-A*INT*,T-NAV* | F10: 2026-2030 | J10: -1
B11: UC_SCB_RSD_2021-2025_Multi | C11: RSDCO2 | D11: ENV | F11: 2021-2026 | G11: NET | H11: UP | I11: 1 | K11: =config!C8*1000 -> 29000 | L11: RSD Carbon Budget-2021-2025- Multi
B12: UC_SCB_RSD_2026-2030_Multi | C12: RSDCO2 | D12: ENV | F12: 2026-2030 | G12: NET | H12: UP | I12: 1 | K12: =config!D8*1000 -> 23000 | L12: RSD Carbon Budget-2026-2030- Multi
B13: UC_SCB_SRV_2021-2025_Multi | C13: SRVCO2N | D13: ENV | F13: 2021-2026 | G13: NET | H13: UP | I13: 1 | K13: =config!C9*1000 -> 7000 | L13: SRV Carbon Budget-2021-2025- Multi
B14: UC_SCB_SRV_2026-2030_Multi | C14: SRVCO2N | D14: ENV | F14: 2026-2030 | G14: NET | H14: UP | I14: 1 | K14: =config!D9*1000 -> 5000 | L14: SRV Carbon Budget-2026-2030- Multi
B15: UC_SCB_PWR_2021-2025_Multi | C15: PWRCO2N | D15: ENV | F15: 2021-2026 | G15: NET | H15: UP | I15: 1 | K15: =config!C6*1000 -> 40000 | L15: PWR Carbon Budget-2021-2025- Multi
B16: UC_SCB_PWR_2026-2030_Multi | C16: PWRCO2N | D16: ENV | F16: 2026-2030 | G16: NET | H16: UP | I16: 1 | K16: =config!D6*1000 -> 20000 | L16: PWR Carbon Budget-2026-2030- Multi
B17: UC_SCB_IND_2021-2025_Multi | C17: INDCO2N,INDCO2P | D17: ENV | F17: 2021-2026 | G17: NET | H17: UP | I17: 1 | K17: =config!C10*1000 -> 30000 | L17: IND Carbon Budget-2021-2025- Multi
B18: UC_SCB_IND_2026-2030_Multi | C18: INDCO2N,INDCO2P | D18: ENV | F18: 2026-2030 | G18: NET | H18: UP | I18: 1 | K18: =config!D10*1000 -> 24000 | L18: IND Carbon Budget-2026-2030- Multi

Sheet negative_CO2
B2: ~TFM_INS
B3: TimeSlice | C3: LimType | D3: Attribute | E3: Year | F3: Cset_CN | G3: =Regions!C3 -> IE | H3: =Regions!D3 -> National
C4: N | D4: COM_BNDNET | E4: 0 | F4: PWRCO2N | G4: -1 | H4: =G4 -> -1
